2025-10-20T00:05:24.760+05:30  INFO 3648 --- [PAYROLL_MANAGEMENT_SYSTEM] [restartedMain] c.p.PayrollManagementSystemApplication   : Starting PayrollManagementSystemApplication using Java 21.0.3 with PID 3648 (D:\JAVA_TRAINING\CAPSTONE_PROJECT\PAYROLL_MANAGEMENT_SYSTEM\target\classes started by mustafa.bhagat in D:\JAVA_TRAINING\CAPSTONE_PROJECT\PAYROLL_MANAGEMENT_SYSTEM)
2025-10-20T00:05:24.767+05:30  INFO 3648 --- [PAYROLL_MANAGEMENT_SYSTEM] [restartedMain] c.p.PayrollManagementSystemApplication   : No active profile set, falling back to 1 default profile: "default"
2025-10-20T00:05:24.833+05:30  INFO 3648 --- [PAYROLL_MANAGEMENT_SYSTEM] [restartedMain] .e.DevToolsPropertyDefaultsPostProcessor : Devtools property defaults active! Set 'spring.devtools.add-properties' to 'false' to disable
2025-10-20T00:05:24.834+05:30  INFO 3648 --- [PAYROLL_MANAGEMENT_SYSTEM] [restartedMain] .e.DevToolsPropertyDefaultsPostProcessor : For additional web related logging consider setting the 'logging.level.web' property to 'DEBUG'
2025-10-20T00:05:26.365+05:30  INFO 3648 --- [PAYROLL_MANAGEMENT_SYSTEM] [restartedMain] .s.d.r.c.RepositoryConfigurationDelegate : Bootstrapping Spring Data JPA repositories in DEFAULT mode.
2025-10-20T00:05:26.494+05:30  INFO 3648 --- [PAYROLL_MANAGEMENT_SYSTEM] [restartedMain] .s.d.r.c.RepositoryConfigurationDelegate : Finished Spring Data repository scanning in 113 ms. Found 12 JPA repository interfaces.
2025-10-20T00:05:27.444+05:30  INFO 3648 --- [PAYROLL_MANAGEMENT_SYSTEM] [restartedMain] o.s.b.w.embedded.tomcat.TomcatWebServer  : Tomcat initialized with port 8080 (http)
2025-10-20T00:05:27.470+05:30  INFO 3648 --- [PAYROLL_MANAGEMENT_SYSTEM] [restartedMain] o.apache.catalina.core.StandardService   : Starting service [Tomcat]
2025-10-20T00:05:27.471+05:30  INFO 3648 --- [PAYROLL_MANAGEMENT_SYSTEM] [restartedMain] o.apache.catalina.core.StandardEngine    : Starting Servlet engine: [Apache Tomcat/10.1.46]
2025-10-20T00:05:27.546+05:30  INFO 3648 --- [PAYROLL_MANAGEMENT_SYSTEM] [restartedMain] o.a.c.c.C.[Tomcat].[localhost].[/]       : Initializing Spring embedded WebApplicationContext
2025-10-20T00:05:27.546+05:30  INFO 3648 --- [PAYROLL_MANAGEMENT_SYSTEM] [restartedMain] w.s.c.ServletWebServerApplicationContext : Root WebApplicationContext: initialization completed in 2711 ms
2025-10-20T00:05:27.793+05:30  INFO 3648 --- [PAYROLL_MANAGEMENT_SYSTEM] [restartedMain] o.hibernate.jpa.internal.util.LogHelper  : HHH000204: Processing PersistenceUnitInfo [name: default]
2025-10-20T00:05:27.890+05:30  INFO 3648 --- [PAYROLL_MANAGEMENT_SYSTEM] [restartedMain] org.hibernate.Version                    : HHH000412: Hibernate ORM core version 6.6.29.Final
2025-10-20T00:05:27.954+05:30  INFO 3648 --- [PAYROLL_MANAGEMENT_SYSTEM] [restartedMain] o.h.c.internal.RegionFactoryInitiator    : HHH000026: Second-level cache disabled
2025-10-20T00:05:28.378+05:30  INFO 3648 --- [PAYROLL_MANAGEMENT_SYSTEM] [restartedMain] o.s.o.j.p.SpringPersistenceUnitInfo      : No LoadTimeWeaver setup: ignoring JPA class transformer
2025-10-20T00:05:28.429+05:30  INFO 3648 --- [PAYROLL_MANAGEMENT_SYSTEM] [restartedMain] com.zaxxer.hikari.HikariDataSource       : HikariPool-1 - Starting...
2025-10-20T00:05:28.657+05:30  INFO 3648 --- [PAYROLL_MANAGEMENT_SYSTEM] [restartedMain] com.zaxxer.hikari.pool.HikariPool        : HikariPool-1 - Added connection com.mysql.cj.jdbc.ConnectionImpl@47c9d4e1
2025-10-20T00:05:28.660+05:30  INFO 3648 --- [PAYROLL_MANAGEMENT_SYSTEM] [restartedMain] com.zaxxer.hikari.HikariDataSource       : HikariPool-1 - Start completed.
2025-10-20T00:05:28.747+05:30  WARN 3648 --- [PAYROLL_MANAGEMENT_SYSTEM] [restartedMain] org.hibernate.orm.deprecation            : HHH90000025: MySQLDialect does not need to be specified explicitly using 'hibernate.dialect' (remove the property setting and it will be selected by default)
2025-10-20T00:05:28.772+05:30  INFO 3648 --- [PAYROLL_MANAGEMENT_SYSTEM] [restartedMain] org.hibernate.orm.connections.pooling    : HHH10001005: Database info:
	Database JDBC URL [Connecting through datasource 'HikariDataSource (HikariPool-1)']
	Database driver: undefined/unknown
	Database version: 8.0.42
	Autocommit mode: undefined/unknown
	Isolation level: undefined/unknown
	Minimum pool size: undefined/unknown
	Maximum pool size: undefined/unknown
2025-10-20T00:05:30.618+05:30  INFO 3648 --- [PAYROLL_MANAGEMENT_SYSTEM] [restartedMain] o.h.e.t.j.p.i.JtaPlatformInitiator       : HHH000489: No JTA platform available (set 'hibernate.transaction.jta.platform' to enable JTA platform integration)
2025-10-20T00:05:30.850+05:30  INFO 3648 --- [PAYROLL_MANAGEMENT_SYSTEM] [restartedMain] j.LocalContainerEntityManagerFactoryBean : Initialized JPA EntityManagerFactory for persistence unit 'default'
2025-10-20T00:05:31.421+05:30  INFO 3648 --- [PAYROLL_MANAGEMENT_SYSTEM] [restartedMain] o.s.d.j.r.query.QueryEnhancerFactory     : Hibernate is in classpath; If applicable, HQL parser will be used.
2025-10-20T00:05:32.526+05:30  INFO 3648 --- [PAYROLL_MANAGEMENT_SYSTEM] [restartedMain] r$InitializeUserDetailsManagerConfigurer : Global AuthenticationManager configured with UserDetailsService bean with name customUserDetailsService
2025-10-20T00:05:33.016+05:30  WARN 3648 --- [PAYROLL_MANAGEMENT_SYSTEM] [restartedMain] JpaBaseConfiguration$JpaWebConfiguration : spring.jpa.open-in-view is enabled by default. Therefore, database queries may be performed during view rendering. Explicitly configure spring.jpa.open-in-view to disable this warning
2025-10-20T00:05:33.581+05:30 DEBUG 3648 --- [PAYROLL_MANAGEMENT_SYSTEM] [restartedMain] o.s.s.web.DefaultSecurityFilterChain     : Will secure any request with filters: DisableEncodeUrlFilter, WebAsyncManagerIntegrationFilter, SecurityContextHolderFilter, HeaderWriterFilter, CorsFilter, LogoutFilter, JwtAuthenticationFilter, RequestCacheAwareFilter, SecurityContextHolderAwareRequestFilter, AnonymousAuthenticationFilter, SessionManagementFilter, ExceptionTranslationFilter, AuthorizationFilter
2025-10-20T00:05:34.150+05:30  INFO 3648 --- [PAYROLL_MANAGEMENT_SYSTEM] [restartedMain] o.s.b.d.a.OptionalLiveReloadServer       : LiveReload server is running on port 35729
2025-10-20T00:05:34.325+05:30  INFO 3648 --- [PAYROLL_MANAGEMENT_SYSTEM] [restartedMain] o.s.b.w.embedded.tomcat.TomcatWebServer  : Tomcat started on port 8080 (http) with context path '/'
2025-10-20T00:05:34.339+05:30  INFO 3648 --- [PAYROLL_MANAGEMENT_SYSTEM] [restartedMain] c.p.PayrollManagementSystemApplication   : Started PayrollManagementSystemApplication in 10.367 seconds (process running for 11.631)
2025-10-20T00:05:35.908+05:30  INFO 3648 --- [PAYROLL_MANAGEMENT_SYSTEM] [http-nio-8080-exec-2] o.a.c.c.C.[Tomcat].[localhost].[/]       : Initializing Spring DispatcherServlet 'dispatcherServlet'
2025-10-20T00:05:35.910+05:30  INFO 3648 --- [PAYROLL_MANAGEMENT_SYSTEM] [http-nio-8080-exec-2] o.s.web.servlet.DispatcherServlet        : Initializing Servlet 'dispatcherServlet'
2025-10-20T00:05:35.913+05:30  INFO 3648 --- [PAYROLL_MANAGEMENT_SYSTEM] [http-nio-8080-exec-2] o.s.web.servlet.DispatcherServlet        : Completed initialization in 3 ms
2025-10-20T00:05:35.942+05:30 DEBUG 3648 --- [PAYROLL_MANAGEMENT_SYSTEM] [http-nio-8080-exec-2] o.s.security.web.FilterChainProxy        : Securing POST /api/auth/login
2025-10-20T00:05:35.953+05:30  INFO 3648 --- [PAYROLL_MANAGEMENT_SYSTEM] [http-nio-8080-exec-2] c.p.security.JwtAuthenticationFilter     : 🔹 Incoming request: /api/auth/login
2025-10-20T00:05:35.955+05:30 DEBUG 3648 --- [PAYROLL_MANAGEMENT_SYSTEM] [http-nio-8080-exec-2] o.s.s.w.a.AnonymousAuthenticationFilter  : Set SecurityContextHolder to anonymous SecurityContext
2025-10-20T00:05:35.957+05:30 DEBUG 3648 --- [PAYROLL_MANAGEMENT_SYSTEM] [http-nio-8080-exec-2] o.s.security.web.FilterChainProxy        : Secured POST /api/auth/login
2025-10-20T00:05:36.228+05:30 DEBUG 3648 --- [PAYROLL_MANAGEMENT_SYSTEM] [http-nio-8080-exec-2] org.hibernate.SQL                        : select u1_0.id,u1_0.email,u1_0.organization_id,u1_0.password,u1_0.role,u1_0.username from user u1_0 where u1_0.username=?
2025-10-20T00:05:36.229+05:30 TRACE 3648 --- [PAYROLL_MANAGEMENT_SYSTEM] [http-nio-8080-exec-2] org.hibernate.orm.jdbc.bind              : binding parameter (1:VARCHAR) <- [bankadmin1]
2025-10-20T00:05:36.412+05:30 DEBUG 3648 --- [PAYROLL_MANAGEMENT_SYSTEM] [http-nio-8080-exec-2] org.hibernate.SQL                        : select u1_0.id,u1_0.email,u1_0.organization_id,u1_0.password,u1_0.role,u1_0.username from user u1_0 where u1_0.username=?
2025-10-20T00:05:36.412+05:30 TRACE 3648 --- [PAYROLL_MANAGEMENT_SYSTEM] [http-nio-8080-exec-2] org.hibernate.orm.jdbc.bind              : binding parameter (1:VARCHAR) <- [bankadmin1]
2025-10-20T00:05:36.536+05:30 DEBUG 3648 --- [PAYROLL_MANAGEMENT_SYSTEM] [http-nio-8080-exec-2] o.s.s.a.dao.DaoAuthenticationProvider    : Authenticated user
2025-10-20T00:05:49.984+05:30 DEBUG 3648 --- [PAYROLL_MANAGEMENT_SYSTEM] [http-nio-8080-exec-3] o.s.security.web.FilterChainProxy        : Securing GET /api/bank-admin/employees/pending-verifications
2025-10-20T00:05:49.984+05:30  INFO 3648 --- [PAYROLL_MANAGEMENT_SYSTEM] [http-nio-8080-exec-3] c.p.security.JwtAuthenticationFilter     : 🔹 Incoming request: /api/bank-admin/employees/pending-verifications
2025-10-20T00:05:50.067+05:30  INFO 3648 --- [PAYROLL_MANAGEMENT_SYSTEM] [http-nio-8080-exec-3] c.p.security.JwtAuthenticationFilter     : 🔹 Extracted username from JWT: bankadmin1
2025-10-20T00:05:50.130+05:30 DEBUG 3648 --- [PAYROLL_MANAGEMENT_SYSTEM] [http-nio-8080-exec-3] org.hibernate.SQL                        : select u1_0.id,u1_0.email,u1_0.organization_id,u1_0.password,u1_0.role,u1_0.username from user u1_0 where u1_0.username=?
2025-10-20T00:05:50.136+05:30 TRACE 3648 --- [PAYROLL_MANAGEMENT_SYSTEM] [http-nio-8080-exec-3] org.hibernate.orm.jdbc.bind              : binding parameter (1:VARCHAR) <- [bankadmin1]
2025-10-20T00:05:50.138+05:30  INFO 3648 --- [PAYROLL_MANAGEMENT_SYSTEM] [http-nio-8080-exec-3] c.p.security.JwtAuthenticationFilter     : 🔹 Loaded user details for: bankadmin1
2025-10-20T00:05:50.142+05:30  INFO 3648 --- [PAYROLL_MANAGEMENT_SYSTEM] [http-nio-8080-exec-3] c.p.security.JwtAuthenticationFilter     : ✅ JWT validated successfully for bankadmin1
2025-10-20T00:05:50.142+05:30 DEBUG 3648 --- [PAYROLL_MANAGEMENT_SYSTEM] [http-nio-8080-exec-3] o.s.security.web.FilterChainProxy        : Secured GET /api/bank-admin/employees/pending-verifications
2025-10-20T00:05:50.150+05:30 DEBUG 3648 --- [PAYROLL_MANAGEMENT_SYSTEM] [http-nio-8080-exec-3] horizationManagerBeforeMethodInterceptor : Authorizing method invocation ReflectiveMethodInvocation: public org.springframework.http.ResponseEntity com.project.controllers.BankAdminController.getPendingVerifications(java.lang.String); target is of class [com.project.controllers.BankAdminController]
2025-10-20T00:05:50.235+05:30 DEBUG 3648 --- [PAYROLL_MANAGEMENT_SYSTEM] [http-nio-8080-exec-3] horizationManagerBeforeMethodInterceptor : Authorized method invocation ReflectiveMethodInvocation: public org.springframework.http.ResponseEntity com.project.controllers.BankAdminController.getPendingVerifications(java.lang.String); target is of class [com.project.controllers.BankAdminController]
2025-10-20T00:05:50.245+05:30 DEBUG 3648 --- [PAYROLL_MANAGEMENT_SYSTEM] [http-nio-8080-exec-3] org.hibernate.SQL                        : select ba1_0.id,ba1_0.bank_id,ba1_0.contact_number,ba1_0.email,ba1_0.name,ba1_0.password,ba1_0.user_id from bank_admin ba1_0 where ba1_0.email=?
2025-10-20T00:05:50.245+05:30 TRACE 3648 --- [PAYROLL_MANAGEMENT_SYSTEM] [http-nio-8080-exec-3] org.hibernate.orm.jdbc.bind              : binding parameter (1:VARCHAR) <- [bankadmin1]
2025-10-20T00:05:50.260+05:30  WARN 3648 --- [PAYROLL_MANAGEMENT_SYSTEM] [http-nio-8080-exec-3] .m.m.a.ExceptionHandlerExceptionResolver : Resolved [java.lang.RuntimeException: Bank admin not found]
2025-10-20T00:13:28.668+05:30  INFO 3648 --- [PAYROLL_MANAGEMENT_SYSTEM] [File Watcher] rtingClassPathChangeChangedEventListener : Restarting due to 7 class path changes (0 additions, 0 deletions, 7 modifications)
2025-10-20T00:13:28.673+05:30  INFO 3648 --- [PAYROLL_MANAGEMENT_SYSTEM] [Thread-5] o.s.b.w.e.tomcat.GracefulShutdown        : Commencing graceful shutdown. Waiting for active requests to complete
2025-10-20T00:13:28.685+05:30  INFO 3648 --- [PAYROLL_MANAGEMENT_SYSTEM] [tomcat-shutdown] o.s.b.w.e.tomcat.GracefulShutdown        : Graceful shutdown complete
2025-10-20T00:13:28.693+05:30  INFO 3648 --- [PAYROLL_MANAGEMENT_SYSTEM] [Thread-5] j.LocalContainerEntityManagerFactoryBean : Closing JPA EntityManagerFactory for persistence unit 'default'
2025-10-20T00:13:28.699+05:30  INFO 3648 --- [PAYROLL_MANAGEMENT_SYSTEM] [Thread-5] com.zaxxer.hikari.HikariDataSource       : HikariPool-1 - Shutdown initiated...
2025-10-20T00:13:28.709+05:30  INFO 3648 --- [PAYROLL_MANAGEMENT_SYSTEM] [Thread-5] com.zaxxer.hikari.HikariDataSource       : HikariPool-1 - Shutdown completed.
2025-10-20T00:13:28.896+05:30  INFO 3648 --- [PAYROLL_MANAGEMENT_SYSTEM] [restartedMain] c.p.PayrollManagementSystemApplication   : Starting PayrollManagementSystemApplication using Java 21.0.3 with PID 3648 (D:\JAVA_TRAINING\CAPSTONE_PROJECT\PAYROLL_MANAGEMENT_SYSTEM\target\classes started by mustafa.bhagat in D:\JAVA_TRAINING\CAPSTONE_PROJECT\PAYROLL_MANAGEMENT_SYSTEM)
2025-10-20T00:13:28.896+05:30  INFO 3648 --- [PAYROLL_MANAGEMENT_SYSTEM] [restartedMain] c.p.PayrollManagementSystemApplication   : No active profile set, falling back to 1 default profile: "default"
2025-10-20T00:13:29.224+05:30  INFO 3648 --- [PAYROLL_MANAGEMENT_SYSTEM] [restartedMain] .s.d.r.c.RepositoryConfigurationDelegate : Bootstrapping Spring Data JPA repositories in DEFAULT mode.
2025-10-20T00:13:29.279+05:30  INFO 3648 --- [PAYROLL_MANAGEMENT_SYSTEM] [restartedMain] .s.d.r.c.RepositoryConfigurationDelegate : Finished Spring Data repository scanning in 53 ms. Found 12 JPA repository interfaces.
2025-10-20T00:13:29.451+05:30  INFO 3648 --- [PAYROLL_MANAGEMENT_SYSTEM] [restartedMain] o.s.b.w.embedded.tomcat.TomcatWebServer  : Tomcat initialized with port 8080 (http)
2025-10-20T00:13:29.453+05:30  INFO 3648 --- [PAYROLL_MANAGEMENT_SYSTEM] [restartedMain] o.apache.catalina.core.StandardService   : Starting service [Tomcat]
2025-10-20T00:13:29.453+05:30  INFO 3648 --- [PAYROLL_MANAGEMENT_SYSTEM] [restartedMain] o.apache.catalina.core.StandardEngine    : Starting Servlet engine: [Apache Tomcat/10.1.46]
2025-10-20T00:13:29.526+05:30  INFO 3648 --- [PAYROLL_MANAGEMENT_SYSTEM] [restartedMain] o.a.c.c.C.[Tomcat].[localhost].[/]       : Initializing Spring embedded WebApplicationContext
2025-10-20T00:13:29.526+05:30  INFO 3648 --- [PAYROLL_MANAGEMENT_SYSTEM] [restartedMain] w.s.c.ServletWebServerApplicationContext : Root WebApplicationContext: initialization completed in 627 ms
2025-10-20T00:13:29.584+05:30  INFO 3648 --- [PAYROLL_MANAGEMENT_SYSTEM] [restartedMain] o.hibernate.jpa.internal.util.LogHelper  : HHH000204: Processing PersistenceUnitInfo [name: default]
2025-10-20T00:13:29.586+05:30  INFO 3648 --- [PAYROLL_MANAGEMENT_SYSTEM] [restartedMain] o.h.c.internal.RegionFactoryInitiator    : HHH000026: Second-level cache disabled
2025-10-20T00:13:29.598+05:30  INFO 3648 --- [PAYROLL_MANAGEMENT_SYSTEM] [restartedMain] o.s.o.j.p.SpringPersistenceUnitInfo      : No LoadTimeWeaver setup: ignoring JPA class transformer
2025-10-20T00:13:29.600+05:30  INFO 3648 --- [PAYROLL_MANAGEMENT_SYSTEM] [restartedMain] com.zaxxer.hikari.HikariDataSource       : HikariPool-2 - Starting...
2025-10-20T00:13:29.607+05:30  INFO 3648 --- [PAYROLL_MANAGEMENT_SYSTEM] [restartedMain] com.zaxxer.hikari.pool.HikariPool        : HikariPool-2 - Added connection com.mysql.cj.jdbc.ConnectionImpl@e1247f9
2025-10-20T00:13:29.608+05:30  INFO 3648 --- [PAYROLL_MANAGEMENT_SYSTEM] [restartedMain] com.zaxxer.hikari.HikariDataSource       : HikariPool-2 - Start completed.
2025-10-20T00:13:29.610+05:30  WARN 3648 --- [PAYROLL_MANAGEMENT_SYSTEM] [restartedMain] org.hibernate.orm.deprecation            : HHH90000025: MySQLDialect does not need to be specified explicitly using 'hibernate.dialect' (remove the property setting and it will be selected by default)
2025-10-20T00:13:29.611+05:30  INFO 3648 --- [PAYROLL_MANAGEMENT_SYSTEM] [restartedMain] org.hibernate.orm.connections.pooling    : HHH10001005: Database info:
	Database JDBC URL [Connecting through datasource 'HikariDataSource (HikariPool-2)']
	Database driver: undefined/unknown
	Database version: 8.0.42
	Autocommit mode: undefined/unknown
	Isolation level: undefined/unknown
	Minimum pool size: undefined/unknown
	Maximum pool size: undefined/unknown
2025-10-20T00:13:29.933+05:30  INFO 3648 --- [PAYROLL_MANAGEMENT_SYSTEM] [restartedMain] o.h.e.t.j.p.i.JtaPlatformInitiator       : HHH000489: No JTA platform available (set 'hibernate.transaction.jta.platform' to enable JTA platform integration)
2025-10-20T00:13:30.036+05:30  INFO 3648 --- [PAYROLL_MANAGEMENT_SYSTEM] [restartedMain] j.LocalContainerEntityManagerFactoryBean : Initialized JPA EntityManagerFactory for persistence unit 'default'
2025-10-20T00:13:30.231+05:30  INFO 3648 --- [PAYROLL_MANAGEMENT_SYSTEM] [restartedMain] r$InitializeUserDetailsManagerConfigurer : Global AuthenticationManager configured with UserDetailsService bean with name customUserDetailsService
2025-10-20T00:13:30.482+05:30  WARN 3648 --- [PAYROLL_MANAGEMENT_SYSTEM] [restartedMain] JpaBaseConfiguration$JpaWebConfiguration : spring.jpa.open-in-view is enabled by default. Therefore, database queries may be performed during view rendering. Explicitly configure spring.jpa.open-in-view to disable this warning
2025-10-20T00:13:30.715+05:30 DEBUG 3648 --- [PAYROLL_MANAGEMENT_SYSTEM] [restartedMain] o.s.s.web.DefaultSecurityFilterChain     : Will secure any request with filters: DisableEncodeUrlFilter, WebAsyncManagerIntegrationFilter, SecurityContextHolderFilter, HeaderWriterFilter, CorsFilter, LogoutFilter, JwtAuthenticationFilter, RequestCacheAwareFilter, SecurityContextHolderAwareRequestFilter, AnonymousAuthenticationFilter, SessionManagementFilter, ExceptionTranslationFilter, AuthorizationFilter
2025-10-20T00:13:30.884+05:30  INFO 3648 --- [PAYROLL_MANAGEMENT_SYSTEM] [restartedMain] o.s.b.d.a.OptionalLiveReloadServer       : LiveReload server is running on port 35729
2025-10-20T00:13:30.905+05:30  INFO 3648 --- [PAYROLL_MANAGEMENT_SYSTEM] [restartedMain] o.s.b.w.embedded.tomcat.TomcatWebServer  : Tomcat started on port 8080 (http) with context path '/'
2025-10-20T00:13:30.909+05:30  INFO 3648 --- [PAYROLL_MANAGEMENT_SYSTEM] [restartedMain] c.p.PayrollManagementSystemApplication   : Started PayrollManagementSystemApplication in 2.051 seconds (process running for 488.187)
2025-10-20T00:13:30.911+05:30  INFO 3648 --- [PAYROLL_MANAGEMENT_SYSTEM] [restartedMain] .ConditionEvaluationDeltaLoggingListener : Condition evaluation unchanged
2025-10-20T00:13:43.783+05:30  INFO 3648 --- [PAYROLL_MANAGEMENT_SYSTEM] [File Watcher] rtingClassPathChangeChangedEventListener : Restarting due to 7 class path changes (0 additions, 0 deletions, 7 modifications)
2025-10-20T00:13:43.785+05:30  INFO 3648 --- [PAYROLL_MANAGEMENT_SYSTEM] [Thread-7] o.s.b.w.e.tomcat.GracefulShutdown        : Commencing graceful shutdown. Waiting for active requests to complete
2025-10-20T00:13:43.793+05:30  INFO 3648 --- [PAYROLL_MANAGEMENT_SYSTEM] [tomcat-shutdown] o.s.b.w.e.tomcat.GracefulShutdown        : Graceful shutdown complete
2025-10-20T00:13:43.796+05:30  INFO 3648 --- [PAYROLL_MANAGEMENT_SYSTEM] [Thread-7] j.LocalContainerEntityManagerFactoryBean : Closing JPA EntityManagerFactory for persistence unit 'default'
2025-10-20T00:13:43.797+05:30  INFO 3648 --- [PAYROLL_MANAGEMENT_SYSTEM] [Thread-7] com.zaxxer.hikari.HikariDataSource       : HikariPool-2 - Shutdown initiated...
2025-10-20T00:13:43.800+05:30  INFO 3648 --- [PAYROLL_MANAGEMENT_SYSTEM] [Thread-7] com.zaxxer.hikari.HikariDataSource       : HikariPool-2 - Shutdown completed.
2025-10-20T00:13:43.978+05:30  INFO 3648 --- [PAYROLL_MANAGEMENT_SYSTEM] [restartedMain] c.p.PayrollManagementSystemApplication   : Starting PayrollManagementSystemApplication using Java 21.0.3 with PID 3648 (D:\JAVA_TRAINING\CAPSTONE_PROJECT\PAYROLL_MANAGEMENT_SYSTEM\target\classes started by mustafa.bhagat in D:\JAVA_TRAINING\CAPSTONE_PROJECT\PAYROLL_MANAGEMENT_SYSTEM)
2025-10-20T00:13:43.979+05:30  INFO 3648 --- [PAYROLL_MANAGEMENT_SYSTEM] [restartedMain] c.p.PayrollManagementSystemApplication   : No active profile set, falling back to 1 default profile: "default"
2025-10-20T00:13:44.229+05:30  INFO 3648 --- [PAYROLL_MANAGEMENT_SYSTEM] [restartedMain] .s.d.r.c.RepositoryConfigurationDelegate : Bootstrapping Spring Data JPA repositories in DEFAULT mode.
2025-10-20T00:13:44.275+05:30  INFO 3648 --- [PAYROLL_MANAGEMENT_SYSTEM] [restartedMain] .s.d.r.c.RepositoryConfigurationDelegate : Finished Spring Data repository scanning in 45 ms. Found 12 JPA repository interfaces.
2025-10-20T00:13:44.435+05:30  INFO 3648 --- [PAYROLL_MANAGEMENT_SYSTEM] [restartedMain] o.s.b.w.embedded.tomcat.TomcatWebServer  : Tomcat initialized with port 8080 (http)
2025-10-20T00:13:44.437+05:30  INFO 3648 --- [PAYROLL_MANAGEMENT_SYSTEM] [restartedMain] o.apache.catalina.core.StandardService   : Starting service [Tomcat]
2025-10-20T00:13:44.437+05:30  INFO 3648 --- [PAYROLL_MANAGEMENT_SYSTEM] [restartedMain] o.apache.catalina.core.StandardEngine    : Starting Servlet engine: [Apache Tomcat/10.1.46]
2025-10-20T00:13:44.470+05:30  INFO 3648 --- [PAYROLL_MANAGEMENT_SYSTEM] [restartedMain] o.a.c.c.C.[Tomcat].[localhost].[/]       : Initializing Spring embedded WebApplicationContext
2025-10-20T00:13:44.470+05:30  INFO 3648 --- [PAYROLL_MANAGEMENT_SYSTEM] [restartedMain] w.s.c.ServletWebServerApplicationContext : Root WebApplicationContext: initialization completed in 489 ms
2025-10-20T00:13:44.561+05:30  INFO 3648 --- [PAYROLL_MANAGEMENT_SYSTEM] [restartedMain] o.hibernate.jpa.internal.util.LogHelper  : HHH000204: Processing PersistenceUnitInfo [name: default]
2025-10-20T00:13:44.564+05:30  INFO 3648 --- [PAYROLL_MANAGEMENT_SYSTEM] [restartedMain] o.h.c.internal.RegionFactoryInitiator    : HHH000026: Second-level cache disabled
2025-10-20T00:13:44.573+05:30  INFO 3648 --- [PAYROLL_MANAGEMENT_SYSTEM] [restartedMain] o.s.o.j.p.SpringPersistenceUnitInfo      : No LoadTimeWeaver setup: ignoring JPA class transformer
2025-10-20T00:13:44.573+05:30  INFO 3648 --- [PAYROLL_MANAGEMENT_SYSTEM] [restartedMain] com.zaxxer.hikari.HikariDataSource       : HikariPool-3 - Starting...
2025-10-20T00:13:44.580+05:30  INFO 3648 --- [PAYROLL_MANAGEMENT_SYSTEM] [restartedMain] com.zaxxer.hikari.pool.HikariPool        : HikariPool-3 - Added connection com.mysql.cj.jdbc.ConnectionImpl@23105945
2025-10-20T00:13:44.580+05:30  INFO 3648 --- [PAYROLL_MANAGEMENT_SYSTEM] [restartedMain] com.zaxxer.hikari.HikariDataSource       : HikariPool-3 - Start completed.
2025-10-20T00:13:44.582+05:30  WARN 3648 --- [PAYROLL_MANAGEMENT_SYSTEM] [restartedMain] org.hibernate.orm.deprecation            : HHH90000025: MySQLDialect does not need to be specified explicitly using 'hibernate.dialect' (remove the property setting and it will be selected by default)
2025-10-20T00:13:44.582+05:30  INFO 3648 --- [PAYROLL_MANAGEMENT_SYSTEM] [restartedMain] org.hibernate.orm.connections.pooling    : HHH10001005: Database info:
	Database JDBC URL [Connecting through datasource 'HikariDataSource (HikariPool-3)']
	Database driver: undefined/unknown
	Database version: 8.0.42
	Autocommit mode: undefined/unknown
	Isolation level: undefined/unknown
	Minimum pool size: undefined/unknown
	Maximum pool size: undefined/unknown
2025-10-20T00:13:44.857+05:30  INFO 3648 --- [PAYROLL_MANAGEMENT_SYSTEM] [restartedMain] o.h.e.t.j.p.i.JtaPlatformInitiator       : HHH000489: No JTA platform available (set 'hibernate.transaction.jta.platform' to enable JTA platform integration)
2025-10-20T00:13:44.948+05:30  INFO 3648 --- [PAYROLL_MANAGEMENT_SYSTEM] [restartedMain] j.LocalContainerEntityManagerFactoryBean : Initialized JPA EntityManagerFactory for persistence unit 'default'
2025-10-20T00:13:45.162+05:30  INFO 3648 --- [PAYROLL_MANAGEMENT_SYSTEM] [restartedMain] r$InitializeUserDetailsManagerConfigurer : Global AuthenticationManager configured with UserDetailsService bean with name customUserDetailsService
2025-10-20T00:13:45.428+05:30  WARN 3648 --- [PAYROLL_MANAGEMENT_SYSTEM] [restartedMain] JpaBaseConfiguration$JpaWebConfiguration : spring.jpa.open-in-view is enabled by default. Therefore, database queries may be performed during view rendering. Explicitly configure spring.jpa.open-in-view to disable this warning
2025-10-20T00:13:45.606+05:30 DEBUG 3648 --- [PAYROLL_MANAGEMENT_SYSTEM] [restartedMain] o.s.s.web.DefaultSecurityFilterChain     : Will secure any request with filters: DisableEncodeUrlFilter, WebAsyncManagerIntegrationFilter, SecurityContextHolderFilter, HeaderWriterFilter, CorsFilter, LogoutFilter, JwtAuthenticationFilter, RequestCacheAwareFilter, SecurityContextHolderAwareRequestFilter, AnonymousAuthenticationFilter, SessionManagementFilter, ExceptionTranslationFilter, AuthorizationFilter
2025-10-20T00:13:45.797+05:30  INFO 3648 --- [PAYROLL_MANAGEMENT_SYSTEM] [restartedMain] o.s.b.d.a.OptionalLiveReloadServer       : LiveReload server is running on port 35729
2025-10-20T00:13:45.870+05:30  INFO 3648 --- [PAYROLL_MANAGEMENT_SYSTEM] [restartedMain] o.s.b.w.embedded.tomcat.TomcatWebServer  : Tomcat started on port 8080 (http) with context path '/'
2025-10-20T00:13:45.874+05:30  INFO 3648 --- [PAYROLL_MANAGEMENT_SYSTEM] [restartedMain] c.p.PayrollManagementSystemApplication   : Started PayrollManagementSystemApplication in 1.925 seconds (process running for 503.151)
2025-10-20T00:13:45.876+05:30  INFO 3648 --- [PAYROLL_MANAGEMENT_SYSTEM] [restartedMain] .ConditionEvaluationDeltaLoggingListener : Condition evaluation unchanged
2025-10-20T00:13:51.873+05:30  INFO 3648 --- [PAYROLL_MANAGEMENT_SYSTEM] [http-nio-8080-exec-2] o.a.c.c.C.[Tomcat].[localhost].[/]       : Initializing Spring DispatcherServlet 'dispatcherServlet'
2025-10-20T00:13:51.873+05:30  INFO 3648 --- [PAYROLL_MANAGEMENT_SYSTEM] [http-nio-8080-exec-2] o.s.web.servlet.DispatcherServlet        : Initializing Servlet 'dispatcherServlet'
2025-10-20T00:13:51.887+05:30  INFO 3648 --- [PAYROLL_MANAGEMENT_SYSTEM] [http-nio-8080-exec-2] o.s.web.servlet.DispatcherServlet        : Completed initialization in 14 ms
2025-10-20T00:13:51.889+05:30 DEBUG 3648 --- [PAYROLL_MANAGEMENT_SYSTEM] [http-nio-8080-exec-2] o.s.security.web.FilterChainProxy        : Securing GET /api/bank-admin/employees/pending-verifications
2025-10-20T00:13:51.889+05:30  INFO 3648 --- [PAYROLL_MANAGEMENT_SYSTEM] [http-nio-8080-exec-2] c.p.security.JwtAuthenticationFilter     : 🔹 Incoming request: /api/bank-admin/employees/pending-verifications
2025-10-20T00:13:51.889+05:30  INFO 3648 --- [PAYROLL_MANAGEMENT_SYSTEM] [http-nio-8080-exec-2] c.p.security.JwtAuthenticationFilter     : 🔹 Extracted username from JWT: bankadmin1
2025-10-20T00:13:51.937+05:30 DEBUG 3648 --- [PAYROLL_MANAGEMENT_SYSTEM] [http-nio-8080-exec-2] org.hibernate.SQL                        : select u1_0.id,u1_0.email,u1_0.organization_id,u1_0.password,u1_0.role,u1_0.username from user u1_0 where u1_0.username=?
2025-10-20T00:13:51.937+05:30 TRACE 3648 --- [PAYROLL_MANAGEMENT_SYSTEM] [http-nio-8080-exec-2] org.hibernate.orm.jdbc.bind              : binding parameter (1:VARCHAR) <- [bankadmin1]
2025-10-20T00:13:51.937+05:30  INFO 3648 --- [PAYROLL_MANAGEMENT_SYSTEM] [http-nio-8080-exec-2] c.p.security.JwtAuthenticationFilter     : 🔹 Loaded user details for: bankadmin1
2025-10-20T00:13:51.953+05:30  INFO 3648 --- [PAYROLL_MANAGEMENT_SYSTEM] [http-nio-8080-exec-2] c.p.security.JwtAuthenticationFilter     : ✅ JWT validated successfully for bankadmin1
2025-10-20T00:13:51.956+05:30 DEBUG 3648 --- [PAYROLL_MANAGEMENT_SYSTEM] [http-nio-8080-exec-2] o.s.security.web.FilterChainProxy        : Secured GET /api/bank-admin/employees/pending-verifications
2025-10-20T00:13:51.958+05:30 DEBUG 3648 --- [PAYROLL_MANAGEMENT_SYSTEM] [http-nio-8080-exec-2] horizationManagerBeforeMethodInterceptor : Authorizing method invocation ReflectiveMethodInvocation: public org.springframework.http.ResponseEntity com.project.controllers.BankAdminController.getPendingVerifications(java.lang.String); target is of class [com.project.controllers.BankAdminController]
2025-10-20T00:13:51.962+05:30 DEBUG 3648 --- [PAYROLL_MANAGEMENT_SYSTEM] [http-nio-8080-exec-2] horizationManagerBeforeMethodInterceptor : Authorized method invocation ReflectiveMethodInvocation: public org.springframework.http.ResponseEntity com.project.controllers.BankAdminController.getPendingVerifications(java.lang.String); target is of class [com.project.controllers.BankAdminController]
2025-10-20T00:13:51.968+05:30 DEBUG 3648 --- [PAYROLL_MANAGEMENT_SYSTEM] [http-nio-8080-exec-2] org.hibernate.SQL                        : select ba1_0.id,ba1_0.bank_id,ba1_0.contact_number,ba1_0.email,ba1_0.name,ba1_0.password,ba1_0.user_id from bank_admin ba1_0 where ba1_0.email=?
2025-10-20T00:13:51.968+05:30 TRACE 3648 --- [PAYROLL_MANAGEMENT_SYSTEM] [http-nio-8080-exec-2] org.hibernate.orm.jdbc.bind              : binding parameter (1:VARCHAR) <- [bankadmin1]
2025-10-20T00:13:51.974+05:30  WARN 3648 --- [PAYROLL_MANAGEMENT_SYSTEM] [http-nio-8080-exec-2] .m.m.a.ExceptionHandlerExceptionResolver : Resolved [java.lang.RuntimeException: Bank admin not found]
2025-10-20T00:15:25.124+05:30  INFO 3648 --- [PAYROLL_MANAGEMENT_SYSTEM] [File Watcher] rtingClassPathChangeChangedEventListener : Restarting due to 1 class path change (0 additions, 0 deletions, 1 modification)
2025-10-20T00:15:25.125+05:30  INFO 3648 --- [PAYROLL_MANAGEMENT_SYSTEM] [Thread-11] o.s.b.w.e.tomcat.GracefulShutdown        : Commencing graceful shutdown. Waiting for active requests to complete
2025-10-20T00:15:25.133+05:30  INFO 3648 --- [PAYROLL_MANAGEMENT_SYSTEM] [tomcat-shutdown] o.s.b.w.e.tomcat.GracefulShutdown        : Graceful shutdown complete
2025-10-20T00:15:25.137+05:30  INFO 3648 --- [PAYROLL_MANAGEMENT_SYSTEM] [Thread-11] j.LocalContainerEntityManagerFactoryBean : Closing JPA EntityManagerFactory for persistence unit 'default'
2025-10-20T00:15:25.138+05:30  INFO 3648 --- [PAYROLL_MANAGEMENT_SYSTEM] [Thread-11] com.zaxxer.hikari.HikariDataSource       : HikariPool-3 - Shutdown initiated...
2025-10-20T00:15:25.142+05:30  INFO 3648 --- [PAYROLL_MANAGEMENT_SYSTEM] [Thread-11] com.zaxxer.hikari.HikariDataSource       : HikariPool-3 - Shutdown completed.
2025-10-20T00:15:25.316+05:30  INFO 3648 --- [PAYROLL_MANAGEMENT_SYSTEM] [restartedMain] c.p.PayrollManagementSystemApplication   : Starting PayrollManagementSystemApplication using Java 21.0.3 with PID 3648 (D:\JAVA_TRAINING\CAPSTONE_PROJECT\PAYROLL_MANAGEMENT_SYSTEM\target\classes started by mustafa.bhagat in D:\JAVA_TRAINING\CAPSTONE_PROJECT\PAYROLL_MANAGEMENT_SYSTEM)
2025-10-20T00:15:25.316+05:30  INFO 3648 --- [PAYROLL_MANAGEMENT_SYSTEM] [restartedMain] c.p.PayrollManagementSystemApplication   : No active profile set, falling back to 1 default profile: "default"
2025-10-20T00:15:25.553+05:30  INFO 3648 --- [PAYROLL_MANAGEMENT_SYSTEM] [restartedMain] .s.d.r.c.RepositoryConfigurationDelegate : Bootstrapping Spring Data JPA repositories in DEFAULT mode.
2025-10-20T00:15:25.598+05:30  INFO 3648 --- [PAYROLL_MANAGEMENT_SYSTEM] [restartedMain] .s.d.r.c.RepositoryConfigurationDelegate : Finished Spring Data repository scanning in 43 ms. Found 12 JPA repository interfaces.
2025-10-20T00:15:25.753+05:30  INFO 3648 --- [PAYROLL_MANAGEMENT_SYSTEM] [restartedMain] o.s.b.w.embedded.tomcat.TomcatWebServer  : Tomcat initialized with port 8080 (http)
2025-10-20T00:15:25.756+05:30  INFO 3648 --- [PAYROLL_MANAGEMENT_SYSTEM] [restartedMain] o.apache.catalina.core.StandardService   : Starting service [Tomcat]
2025-10-20T00:15:25.756+05:30  INFO 3648 --- [PAYROLL_MANAGEMENT_SYSTEM] [restartedMain] o.apache.catalina.core.StandardEngine    : Starting Servlet engine: [Apache Tomcat/10.1.46]
2025-10-20T00:15:25.781+05:30  INFO 3648 --- [PAYROLL_MANAGEMENT_SYSTEM] [restartedMain] o.a.c.c.C.[Tomcat].[localhost].[/]       : Initializing Spring embedded WebApplicationContext
2025-10-20T00:15:25.781+05:30  INFO 3648 --- [PAYROLL_MANAGEMENT_SYSTEM] [restartedMain] w.s.c.ServletWebServerApplicationContext : Root WebApplicationContext: initialization completed in 463 ms
2025-10-20T00:15:25.834+05:30  INFO 3648 --- [PAYROLL_MANAGEMENT_SYSTEM] [restartedMain] o.hibernate.jpa.internal.util.LogHelper  : HHH000204: Processing PersistenceUnitInfo [name: default]
2025-10-20T00:15:25.837+05:30  INFO 3648 --- [PAYROLL_MANAGEMENT_SYSTEM] [restartedMain] o.h.c.internal.RegionFactoryInitiator    : HHH000026: Second-level cache disabled
2025-10-20T00:15:25.848+05:30  INFO 3648 --- [PAYROLL_MANAGEMENT_SYSTEM] [restartedMain] o.s.o.j.p.SpringPersistenceUnitInfo      : No LoadTimeWeaver setup: ignoring JPA class transformer
2025-10-20T00:15:25.849+05:30  INFO 3648 --- [PAYROLL_MANAGEMENT_SYSTEM] [restartedMain] com.zaxxer.hikari.HikariDataSource       : HikariPool-4 - Starting...
2025-10-20T00:15:25.855+05:30  INFO 3648 --- [PAYROLL_MANAGEMENT_SYSTEM] [restartedMain] com.zaxxer.hikari.pool.HikariPool        : HikariPool-4 - Added connection com.mysql.cj.jdbc.ConnectionImpl@2b1c6398
2025-10-20T00:15:25.856+05:30  INFO 3648 --- [PAYROLL_MANAGEMENT_SYSTEM] [restartedMain] com.zaxxer.hikari.HikariDataSource       : HikariPool-4 - Start completed.
2025-10-20T00:15:25.857+05:30  WARN 3648 --- [PAYROLL_MANAGEMENT_SYSTEM] [restartedMain] org.hibernate.orm.deprecation            : HHH90000025: MySQLDialect does not need to be specified explicitly using 'hibernate.dialect' (remove the property setting and it will be selected by default)
2025-10-20T00:15:25.857+05:30  INFO 3648 --- [PAYROLL_MANAGEMENT_SYSTEM] [restartedMain] org.hibernate.orm.connections.pooling    : HHH10001005: Database info:
	Database JDBC URL [Connecting through datasource 'HikariDataSource (HikariPool-4)']
	Database driver: undefined/unknown
	Database version: 8.0.42
	Autocommit mode: undefined/unknown
	Isolation level: undefined/unknown
	Minimum pool size: undefined/unknown
	Maximum pool size: undefined/unknown
2025-10-20T00:15:26.112+05:30  INFO 3648 --- [PAYROLL_MANAGEMENT_SYSTEM] [restartedMain] o.h.e.t.j.p.i.JtaPlatformInitiator       : HHH000489: No JTA platform available (set 'hibernate.transaction.jta.platform' to enable JTA platform integration)
2025-10-20T00:15:26.202+05:30  INFO 3648 --- [PAYROLL_MANAGEMENT_SYSTEM] [restartedMain] j.LocalContainerEntityManagerFactoryBean : Initialized JPA EntityManagerFactory for persistence unit 'default'
2025-10-20T00:15:26.411+05:30  INFO 3648 --- [PAYROLL_MANAGEMENT_SYSTEM] [restartedMain] r$InitializeUserDetailsManagerConfigurer : Global AuthenticationManager configured with UserDetailsService bean with name customUserDetailsService
2025-10-20T00:15:26.604+05:30  WARN 3648 --- [PAYROLL_MANAGEMENT_SYSTEM] [restartedMain] ConfigServletWebServerApplicationContext : Exception encountered during context initialization - cancelling refresh attempt: org.springframework.beans.factory.UnsatisfiedDependencyException: Error creating bean with name 'bankAdminController' defined in file [D:\JAVA_TRAINING\CAPSTONE_PROJECT\PAYROLL_MANAGEMENT_SYSTEM\target\classes\com\project\controllers\BankAdminController.class]: Unsatisfied dependency expressed through constructor parameter 2: Error creating bean with name 'employeeServiceImpl' defined in file [D:\JAVA_TRAINING\CAPSTONE_PROJECT\PAYROLL_MANAGEMENT_SYSTEM\target\classes\com\project\serviceImpl\EmployeeServiceImpl.class]: Failed to instantiate [com.project.serviceImpl.EmployeeServiceImpl]: Constructor threw exception
2025-10-20T00:15:26.605+05:30  INFO 3648 --- [PAYROLL_MANAGEMENT_SYSTEM] [restartedMain] j.LocalContainerEntityManagerFactoryBean : Closing JPA EntityManagerFactory for persistence unit 'default'
2025-10-20T00:15:26.605+05:30  INFO 3648 --- [PAYROLL_MANAGEMENT_SYSTEM] [restartedMain] com.zaxxer.hikari.HikariDataSource       : HikariPool-4 - Shutdown initiated...
2025-10-20T00:15:26.607+05:30  INFO 3648 --- [PAYROLL_MANAGEMENT_SYSTEM] [restartedMain] com.zaxxer.hikari.HikariDataSource       : HikariPool-4 - Shutdown completed.
2025-10-20T00:15:26.608+05:30  INFO 3648 --- [PAYROLL_MANAGEMENT_SYSTEM] [restartedMain] o.apache.catalina.core.StandardService   : Stopping service [Tomcat]
2025-10-20T00:15:26.614+05:30  INFO 3648 --- [PAYROLL_MANAGEMENT_SYSTEM] [restartedMain] .s.b.a.l.ConditionEvaluationReportLogger : 

Error starting ApplicationContext. To display the condition evaluation report re-run your application with 'debug' enabled.
2025-10-20T00:15:26.646+05:30 ERROR 3648 --- [PAYROLL_MANAGEMENT_SYSTEM] [restartedMain] o.s.boot.SpringApplication               : Application run failed

org.springframework.beans.factory.UnsatisfiedDependencyException: Error creating bean with name 'bankAdminController' defined in file [D:\JAVA_TRAINING\CAPSTONE_PROJECT\PAYROLL_MANAGEMENT_SYSTEM\target\classes\com\project\controllers\BankAdminController.class]: Unsatisfied dependency expressed through constructor parameter 2: Error creating bean with name 'employeeServiceImpl' defined in file [D:\JAVA_TRAINING\CAPSTONE_PROJECT\PAYROLL_MANAGEMENT_SYSTEM\target\classes\com\project\serviceImpl\EmployeeServiceImpl.class]: Failed to instantiate [com.project.serviceImpl.EmployeeServiceImpl]: Constructor threw exception
	at org.springframework.beans.factory.support.ConstructorResolver.createArgumentArray(ConstructorResolver.java:804) ~[spring-beans-6.2.11.jar:6.2.11]
	at org.springframework.beans.factory.support.ConstructorResolver.autowireConstructor(ConstructorResolver.java:240) ~[spring-beans-6.2.11.jar:6.2.11]
	at org.springframework.beans.factory.support.AbstractAutowireCapableBeanFactory.autowireConstructor(AbstractAutowireCapableBeanFactory.java:1395) ~[spring-beans-6.2.11.jar:6.2.11]
	at org.springframework.beans.factory.support.AbstractAutowireCapableBeanFactory.createBeanInstance(AbstractAutowireCapableBeanFactory.java:1232) ~[spring-beans-6.2.11.jar:6.2.11]
	at org.springframework.beans.factory.support.AbstractAutowireCapableBeanFactory.doCreateBean(AbstractAutowireCapableBeanFactory.java:569) ~[spring-beans-6.2.11.jar:6.2.11]
	at org.springframework.beans.factory.support.AbstractAutowireCapableBeanFactory.createBean(AbstractAutowireCapableBeanFactory.java:529) ~[spring-beans-6.2.11.jar:6.2.11]
	at org.springframework.beans.factory.support.AbstractBeanFactory.lambda$doGetBean$0(AbstractBeanFactory.java:339) ~[spring-beans-6.2.11.jar:6.2.11]
	at org.springframework.beans.factory.support.DefaultSingletonBeanRegistry.getSingleton(DefaultSingletonBeanRegistry.java:373) ~[spring-beans-6.2.11.jar:6.2.11]
	at org.springframework.beans.factory.support.AbstractBeanFactory.doGetBean(AbstractBeanFactory.java:337) ~[spring-beans-6.2.11.jar:6.2.11]
	at org.springframework.beans.factory.support.AbstractBeanFactory.getBean(AbstractBeanFactory.java:202) ~[spring-beans-6.2.11.jar:6.2.11]
	at org.springframework.beans.factory.support.DefaultListableBeanFactory.instantiateSingleton(DefaultListableBeanFactory.java:1221) ~[spring-beans-6.2.11.jar:6.2.11]
	at org.springframework.beans.factory.support.DefaultListableBeanFactory.preInstantiateSingleton(DefaultListableBeanFactory.java:1187) ~[spring-beans-6.2.11.jar:6.2.11]
	at org.springframework.beans.factory.support.DefaultListableBeanFactory.preInstantiateSingletons(DefaultListableBeanFactory.java:1123) ~[spring-beans-6.2.11.jar:6.2.11]
	at org.springframework.context.support.AbstractApplicationContext.finishBeanFactoryInitialization(AbstractApplicationContext.java:987) ~[spring-context-6.2.11.jar:6.2.11]
	at org.springframework.context.support.AbstractApplicationContext.refresh(AbstractApplicationContext.java:627) ~[spring-context-6.2.11.jar:6.2.11]
	at org.springframework.boot.web.servlet.context.ServletWebServerApplicationContext.refresh(ServletWebServerApplicationContext.java:146) ~[spring-boot-3.5.6.jar:3.5.6]
	at org.springframework.boot.SpringApplication.refresh(SpringApplication.java:752) ~[spring-boot-3.5.6.jar:3.5.6]
	at org.springframework.boot.SpringApplication.refreshContext(SpringApplication.java:439) ~[spring-boot-3.5.6.jar:3.5.6]
	at org.springframework.boot.SpringApplication.run(SpringApplication.java:318) ~[spring-boot-3.5.6.jar:3.5.6]
	at org.springframework.boot.SpringApplication.run(SpringApplication.java:1361) ~[spring-boot-3.5.6.jar:3.5.6]
	at org.springframework.boot.SpringApplication.run(SpringApplication.java:1350) ~[spring-boot-3.5.6.jar:3.5.6]
	at com.project.PayrollManagementSystemApplication.main(PayrollManagementSystemApplication.java:10) ~[classes/:na]
	at java.base/jdk.internal.reflect.DirectMethodHandleAccessor.invoke(DirectMethodHandleAccessor.java:103) ~[na:na]
	at java.base/java.lang.reflect.Method.invoke(Method.java:580) ~[na:na]
	at org.springframework.boot.devtools.restart.RestartLauncher.run(RestartLauncher.java:50) ~[spring-boot-devtools-3.5.6.jar:3.5.6]
Caused by: org.springframework.beans.factory.BeanCreationException: Error creating bean with name 'employeeServiceImpl' defined in file [D:\JAVA_TRAINING\CAPSTONE_PROJECT\PAYROLL_MANAGEMENT_SYSTEM\target\classes\com\project\serviceImpl\EmployeeServiceImpl.class]: Failed to instantiate [com.project.serviceImpl.EmployeeServiceImpl]: Constructor threw exception
	at org.springframework.beans.factory.support.ConstructorResolver.instantiate(ConstructorResolver.java:321) ~[spring-beans-6.2.11.jar:6.2.11]
	at org.springframework.beans.factory.support.ConstructorResolver.autowireConstructor(ConstructorResolver.java:309) ~[spring-beans-6.2.11.jar:6.2.11]
	at org.springframework.beans.factory.support.AbstractAutowireCapableBeanFactory.autowireConstructor(AbstractAutowireCapableBeanFactory.java:1395) ~[spring-beans-6.2.11.jar:6.2.11]
	at org.springframework.beans.factory.support.AbstractAutowireCapableBeanFactory.createBeanInstance(AbstractAutowireCapableBeanFactory.java:1232) ~[spring-beans-6.2.11.jar:6.2.11]
	at org.springframework.beans.factory.support.AbstractAutowireCapableBeanFactory.doCreateBean(AbstractAutowireCapableBeanFactory.java:569) ~[spring-beans-6.2.11.jar:6.2.11]
	at org.springframework.beans.factory.support.AbstractAutowireCapableBeanFactory.createBean(AbstractAutowireCapableBeanFactory.java:529) ~[spring-beans-6.2.11.jar:6.2.11]
	at org.springframework.beans.factory.support.AbstractBeanFactory.lambda$doGetBean$0(AbstractBeanFactory.java:339) ~[spring-beans-6.2.11.jar:6.2.11]
	at org.springframework.beans.factory.support.DefaultSingletonBeanRegistry.getSingleton(DefaultSingletonBeanRegistry.java:373) ~[spring-beans-6.2.11.jar:6.2.11]
	at org.springframework.beans.factory.support.AbstractBeanFactory.doGetBean(AbstractBeanFactory.java:337) ~[spring-beans-6.2.11.jar:6.2.11]
	at org.springframework.beans.factory.support.AbstractBeanFactory.getBean(AbstractBeanFactory.java:202) ~[spring-beans-6.2.11.jar:6.2.11]
	at org.springframework.beans.factory.config.DependencyDescriptor.resolveCandidate(DependencyDescriptor.java:254) ~[spring-beans-6.2.11.jar:6.2.11]
	at org.springframework.beans.factory.support.DefaultListableBeanFactory.doResolveDependency(DefaultListableBeanFactory.java:1760) ~[spring-beans-6.2.11.jar:6.2.11]
	at org.springframework.beans.factory.support.DefaultListableBeanFactory.resolveDependency(DefaultListableBeanFactory.java:1643) ~[spring-beans-6.2.11.jar:6.2.11]
	at org.springframework.beans.factory.support.ConstructorResolver.resolveAutowiredArgument(ConstructorResolver.java:913) ~[spring-beans-6.2.11.jar:6.2.11]
	at org.springframework.beans.factory.support.ConstructorResolver.createArgumentArray(ConstructorResolver.java:791) ~[spring-beans-6.2.11.jar:6.2.11]
	... 24 common frames omitted
Caused by: org.springframework.beans.BeanInstantiationException: Failed to instantiate [com.project.serviceImpl.EmployeeServiceImpl]: Constructor threw exception
	at org.springframework.beans.BeanUtils.instantiateClass(BeanUtils.java:223) ~[spring-beans-6.2.11.jar:6.2.11]
	at org.springframework.beans.factory.support.SimpleInstantiationStrategy.instantiate(SimpleInstantiationStrategy.java:146) ~[spring-beans-6.2.11.jar:6.2.11]
	at org.springframework.beans.factory.support.ConstructorResolver.instantiate(ConstructorResolver.java:318) ~[spring-beans-6.2.11.jar:6.2.11]
	... 38 common frames omitted
Caused by: java.lang.Error: Unresolved compilation problem: 

	at com.project.serviceImpl.EmployeeServiceImpl.<init>(EmployeeServiceImpl.java:30) ~[classes/:na]
	at java.base/jdk.internal.reflect.DirectConstructorHandleAccessor.newInstance(DirectConstructorHandleAccessor.java:62) ~[na:na]
	at java.base/java.lang.reflect.Constructor.newInstanceWithCaller(Constructor.java:502) ~[na:na]
	at java.base/java.lang.reflect.Constructor.newInstance(Constructor.java:486) ~[na:na]
	at org.springframework.beans.BeanUtils.instantiateClass(BeanUtils.java:210) ~[spring-beans-6.2.11.jar:6.2.11]
	... 40 common frames omitted

2025-10-20T00:15:40.498+05:30  INFO 3648 --- [PAYROLL_MANAGEMENT_SYSTEM] [restartedMain] c.p.PayrollManagementSystemApplication   : Starting PayrollManagementSystemApplication using Java 21.0.3 with PID 3648 (D:\JAVA_TRAINING\CAPSTONE_PROJECT\PAYROLL_MANAGEMENT_SYSTEM\target\classes started by mustafa.bhagat in D:\JAVA_TRAINING\CAPSTONE_PROJECT\PAYROLL_MANAGEMENT_SYSTEM)
2025-10-20T00:15:40.498+05:30  INFO 3648 --- [PAYROLL_MANAGEMENT_SYSTEM] [restartedMain] c.p.PayrollManagementSystemApplication   : No active profile set, falling back to 1 default profile: "default"
2025-10-20T00:15:40.771+05:30  INFO 3648 --- [PAYROLL_MANAGEMENT_SYSTEM] [restartedMain] .s.d.r.c.RepositoryConfigurationDelegate : Bootstrapping Spring Data JPA repositories in DEFAULT mode.
2025-10-20T00:15:40.816+05:30  INFO 3648 --- [PAYROLL_MANAGEMENT_SYSTEM] [restartedMain] .s.d.r.c.RepositoryConfigurationDelegate : Finished Spring Data repository scanning in 43 ms. Found 12 JPA repository interfaces.
2025-10-20T00:15:40.994+05:30  INFO 3648 --- [PAYROLL_MANAGEMENT_SYSTEM] [restartedMain] o.s.b.w.embedded.tomcat.TomcatWebServer  : Tomcat initialized with port 8080 (http)
2025-10-20T00:15:40.996+05:30  INFO 3648 --- [PAYROLL_MANAGEMENT_SYSTEM] [restartedMain] o.apache.catalina.core.StandardService   : Starting service [Tomcat]
2025-10-20T00:15:40.996+05:30  INFO 3648 --- [PAYROLL_MANAGEMENT_SYSTEM] [restartedMain] o.apache.catalina.core.StandardEngine    : Starting Servlet engine: [Apache Tomcat/10.1.46]
2025-10-20T00:15:41.020+05:30  INFO 3648 --- [PAYROLL_MANAGEMENT_SYSTEM] [restartedMain] o.a.c.c.C.[Tomcat-1].[localhost].[/]     : Initializing Spring embedded WebApplicationContext
2025-10-20T00:15:41.021+05:30  INFO 3648 --- [PAYROLL_MANAGEMENT_SYSTEM] [restartedMain] w.s.c.ServletWebServerApplicationContext : Root WebApplicationContext: initialization completed in 521 ms
2025-10-20T00:15:41.069+05:30  INFO 3648 --- [PAYROLL_MANAGEMENT_SYSTEM] [restartedMain] o.hibernate.jpa.internal.util.LogHelper  : HHH000204: Processing PersistenceUnitInfo [name: default]
2025-10-20T00:15:41.072+05:30  INFO 3648 --- [PAYROLL_MANAGEMENT_SYSTEM] [restartedMain] o.h.c.internal.RegionFactoryInitiator    : HHH000026: Second-level cache disabled
2025-10-20T00:15:41.084+05:30  INFO 3648 --- [PAYROLL_MANAGEMENT_SYSTEM] [restartedMain] o.s.o.j.p.SpringPersistenceUnitInfo      : No LoadTimeWeaver setup: ignoring JPA class transformer
2025-10-20T00:15:41.085+05:30  INFO 3648 --- [PAYROLL_MANAGEMENT_SYSTEM] [restartedMain] com.zaxxer.hikari.HikariDataSource       : HikariPool-5 - Starting...
2025-10-20T00:15:41.091+05:30  INFO 3648 --- [PAYROLL_MANAGEMENT_SYSTEM] [restartedMain] com.zaxxer.hikari.pool.HikariPool        : HikariPool-5 - Added connection com.mysql.cj.jdbc.ConnectionImpl@503f16a6
2025-10-20T00:15:41.091+05:30  INFO 3648 --- [PAYROLL_MANAGEMENT_SYSTEM] [restartedMain] com.zaxxer.hikari.HikariDataSource       : HikariPool-5 - Start completed.
2025-10-20T00:15:41.093+05:30  WARN 3648 --- [PAYROLL_MANAGEMENT_SYSTEM] [restartedMain] org.hibernate.orm.deprecation            : HHH90000025: MySQLDialect does not need to be specified explicitly using 'hibernate.dialect' (remove the property setting and it will be selected by default)
2025-10-20T00:15:41.093+05:30  INFO 3648 --- [PAYROLL_MANAGEMENT_SYSTEM] [restartedMain] org.hibernate.orm.connections.pooling    : HHH10001005: Database info:
	Database JDBC URL [Connecting through datasource 'HikariDataSource (HikariPool-5)']
	Database driver: undefined/unknown
	Database version: 8.0.42
	Autocommit mode: undefined/unknown
	Isolation level: undefined/unknown
	Minimum pool size: undefined/unknown
	Maximum pool size: undefined/unknown
2025-10-20T00:15:41.317+05:30  INFO 3648 --- [PAYROLL_MANAGEMENT_SYSTEM] [restartedMain] o.h.e.t.j.p.i.JtaPlatformInitiator       : HHH000489: No JTA platform available (set 'hibernate.transaction.jta.platform' to enable JTA platform integration)
2025-10-20T00:15:41.410+05:30  INFO 3648 --- [PAYROLL_MANAGEMENT_SYSTEM] [restartedMain] j.LocalContainerEntityManagerFactoryBean : Initialized JPA EntityManagerFactory for persistence unit 'default'
2025-10-20T00:15:41.610+05:30  INFO 3648 --- [PAYROLL_MANAGEMENT_SYSTEM] [restartedMain] r$InitializeUserDetailsManagerConfigurer : Global AuthenticationManager configured with UserDetailsService bean with name customUserDetailsService
2025-10-20T00:15:41.780+05:30  WARN 3648 --- [PAYROLL_MANAGEMENT_SYSTEM] [restartedMain] ConfigServletWebServerApplicationContext : Exception encountered during context initialization - cancelling refresh attempt: org.springframework.beans.factory.UnsatisfiedDependencyException: Error creating bean with name 'bankAdminController' defined in file [D:\JAVA_TRAINING\CAPSTONE_PROJECT\PAYROLL_MANAGEMENT_SYSTEM\target\classes\com\project\controllers\BankAdminController.class]: Unsatisfied dependency expressed through constructor parameter 2: Error creating bean with name 'employeeServiceImpl' defined in file [D:\JAVA_TRAINING\CAPSTONE_PROJECT\PAYROLL_MANAGEMENT_SYSTEM\target\classes\com\project\serviceImpl\EmployeeServiceImpl.class]: Failed to instantiate [com.project.serviceImpl.EmployeeServiceImpl]: Constructor threw exception
2025-10-20T00:15:41.781+05:30  INFO 3648 --- [PAYROLL_MANAGEMENT_SYSTEM] [restartedMain] j.LocalContainerEntityManagerFactoryBean : Closing JPA EntityManagerFactory for persistence unit 'default'
2025-10-20T00:15:41.782+05:30  INFO 3648 --- [PAYROLL_MANAGEMENT_SYSTEM] [restartedMain] com.zaxxer.hikari.HikariDataSource       : HikariPool-5 - Shutdown initiated...
2025-10-20T00:15:41.786+05:30  INFO 3648 --- [PAYROLL_MANAGEMENT_SYSTEM] [restartedMain] com.zaxxer.hikari.HikariDataSource       : HikariPool-5 - Shutdown completed.
2025-10-20T00:15:41.786+05:30  INFO 3648 --- [PAYROLL_MANAGEMENT_SYSTEM] [restartedMain] o.apache.catalina.core.StandardService   : Stopping service [Tomcat]
2025-10-20T00:15:41.793+05:30  INFO 3648 --- [PAYROLL_MANAGEMENT_SYSTEM] [restartedMain] .s.b.a.l.ConditionEvaluationReportLogger : 

Error starting ApplicationContext. To display the condition evaluation report re-run your application with 'debug' enabled.
2025-10-20T00:15:41.796+05:30 ERROR 3648 --- [PAYROLL_MANAGEMENT_SYSTEM] [restartedMain] o.s.boot.SpringApplication               : Application run failed

org.springframework.beans.factory.UnsatisfiedDependencyException: Error creating bean with name 'bankAdminController' defined in file [D:\JAVA_TRAINING\CAPSTONE_PROJECT\PAYROLL_MANAGEMENT_SYSTEM\target\classes\com\project\controllers\BankAdminController.class]: Unsatisfied dependency expressed through constructor parameter 2: Error creating bean with name 'employeeServiceImpl' defined in file [D:\JAVA_TRAINING\CAPSTONE_PROJECT\PAYROLL_MANAGEMENT_SYSTEM\target\classes\com\project\serviceImpl\EmployeeServiceImpl.class]: Failed to instantiate [com.project.serviceImpl.EmployeeServiceImpl]: Constructor threw exception
	at org.springframework.beans.factory.support.ConstructorResolver.createArgumentArray(ConstructorResolver.java:804) ~[spring-beans-6.2.11.jar:6.2.11]
	at org.springframework.beans.factory.support.ConstructorResolver.autowireConstructor(ConstructorResolver.java:240) ~[spring-beans-6.2.11.jar:6.2.11]
	at org.springframework.beans.factory.support.AbstractAutowireCapableBeanFactory.autowireConstructor(AbstractAutowireCapableBeanFactory.java:1395) ~[spring-beans-6.2.11.jar:6.2.11]
	at org.springframework.beans.factory.support.AbstractAutowireCapableBeanFactory.createBeanInstance(AbstractAutowireCapableBeanFactory.java:1232) ~[spring-beans-6.2.11.jar:6.2.11]
	at org.springframework.beans.factory.support.AbstractAutowireCapableBeanFactory.doCreateBean(AbstractAutowireCapableBeanFactory.java:569) ~[spring-beans-6.2.11.jar:6.2.11]
	at org.springframework.beans.factory.support.AbstractAutowireCapableBeanFactory.createBean(AbstractAutowireCapableBeanFactory.java:529) ~[spring-beans-6.2.11.jar:6.2.11]
	at org.springframework.beans.factory.support.AbstractBeanFactory.lambda$doGetBean$0(AbstractBeanFactory.java:339) ~[spring-beans-6.2.11.jar:6.2.11]
	at org.springframework.beans.factory.support.DefaultSingletonBeanRegistry.getSingleton(DefaultSingletonBeanRegistry.java:373) ~[spring-beans-6.2.11.jar:6.2.11]
	at org.springframework.beans.factory.support.AbstractBeanFactory.doGetBean(AbstractBeanFactory.java:337) ~[spring-beans-6.2.11.jar:6.2.11]
	at org.springframework.beans.factory.support.AbstractBeanFactory.getBean(AbstractBeanFactory.java:202) ~[spring-beans-6.2.11.jar:6.2.11]
	at org.springframework.beans.factory.support.DefaultListableBeanFactory.instantiateSingleton(DefaultListableBeanFactory.java:1221) ~[spring-beans-6.2.11.jar:6.2.11]
	at org.springframework.beans.factory.support.DefaultListableBeanFactory.preInstantiateSingleton(DefaultListableBeanFactory.java:1187) ~[spring-beans-6.2.11.jar:6.2.11]
	at org.springframework.beans.factory.support.DefaultListableBeanFactory.preInstantiateSingletons(DefaultListableBeanFactory.java:1123) ~[spring-beans-6.2.11.jar:6.2.11]
	at org.springframework.context.support.AbstractApplicationContext.finishBeanFactoryInitialization(AbstractApplicationContext.java:987) ~[spring-context-6.2.11.jar:6.2.11]
	at org.springframework.context.support.AbstractApplicationContext.refresh(AbstractApplicationContext.java:627) ~[spring-context-6.2.11.jar:6.2.11]
	at org.springframework.boot.web.servlet.context.ServletWebServerApplicationContext.refresh(ServletWebServerApplicationContext.java:146) ~[spring-boot-3.5.6.jar:3.5.6]
	at org.springframework.boot.SpringApplication.refresh(SpringApplication.java:752) ~[spring-boot-3.5.6.jar:3.5.6]
	at org.springframework.boot.SpringApplication.refreshContext(SpringApplication.java:439) ~[spring-boot-3.5.6.jar:3.5.6]
	at org.springframework.boot.SpringApplication.run(SpringApplication.java:318) ~[spring-boot-3.5.6.jar:3.5.6]
	at org.springframework.boot.SpringApplication.run(SpringApplication.java:1361) ~[spring-boot-3.5.6.jar:3.5.6]
	at org.springframework.boot.SpringApplication.run(SpringApplication.java:1350) ~[spring-boot-3.5.6.jar:3.5.6]
	at com.project.PayrollManagementSystemApplication.main(PayrollManagementSystemApplication.java:10) ~[classes/:na]
	at java.base/jdk.internal.reflect.DirectMethodHandleAccessor.invoke(DirectMethodHandleAccessor.java:103) ~[na:na]
	at java.base/java.lang.reflect.Method.invoke(Method.java:580) ~[na:na]
	at org.springframework.boot.devtools.restart.RestartLauncher.run(RestartLauncher.java:50) ~[spring-boot-devtools-3.5.6.jar:3.5.6]
Caused by: org.springframework.beans.factory.BeanCreationException: Error creating bean with name 'employeeServiceImpl' defined in file [D:\JAVA_TRAINING\CAPSTONE_PROJECT\PAYROLL_MANAGEMENT_SYSTEM\target\classes\com\project\serviceImpl\EmployeeServiceImpl.class]: Failed to instantiate [com.project.serviceImpl.EmployeeServiceImpl]: Constructor threw exception
	at org.springframework.beans.factory.support.ConstructorResolver.instantiate(ConstructorResolver.java:321) ~[spring-beans-6.2.11.jar:6.2.11]
	at org.springframework.beans.factory.support.ConstructorResolver.autowireConstructor(ConstructorResolver.java:309) ~[spring-beans-6.2.11.jar:6.2.11]
	at org.springframework.beans.factory.support.AbstractAutowireCapableBeanFactory.autowireConstructor(AbstractAutowireCapableBeanFactory.java:1395) ~[spring-beans-6.2.11.jar:6.2.11]
	at org.springframework.beans.factory.support.AbstractAutowireCapableBeanFactory.createBeanInstance(AbstractAutowireCapableBeanFactory.java:1232) ~[spring-beans-6.2.11.jar:6.2.11]
	at org.springframework.beans.factory.support.AbstractAutowireCapableBeanFactory.doCreateBean(AbstractAutowireCapableBeanFactory.java:569) ~[spring-beans-6.2.11.jar:6.2.11]
	at org.springframework.beans.factory.support.AbstractAutowireCapableBeanFactory.createBean(AbstractAutowireCapableBeanFactory.java:529) ~[spring-beans-6.2.11.jar:6.2.11]
	at org.springframework.beans.factory.support.AbstractBeanFactory.lambda$doGetBean$0(AbstractBeanFactory.java:339) ~[spring-beans-6.2.11.jar:6.2.11]
	at org.springframework.beans.factory.support.DefaultSingletonBeanRegistry.getSingleton(DefaultSingletonBeanRegistry.java:373) ~[spring-beans-6.2.11.jar:6.2.11]
	at org.springframework.beans.factory.support.AbstractBeanFactory.doGetBean(AbstractBeanFactory.java:337) ~[spring-beans-6.2.11.jar:6.2.11]
	at org.springframework.beans.factory.support.AbstractBeanFactory.getBean(AbstractBeanFactory.java:202) ~[spring-beans-6.2.11.jar:6.2.11]
	at org.springframework.beans.factory.config.DependencyDescriptor.resolveCandidate(DependencyDescriptor.java:254) ~[spring-beans-6.2.11.jar:6.2.11]
	at org.springframework.beans.factory.support.DefaultListableBeanFactory.doResolveDependency(DefaultListableBeanFactory.java:1760) ~[spring-beans-6.2.11.jar:6.2.11]
	at org.springframework.beans.factory.support.DefaultListableBeanFactory.resolveDependency(DefaultListableBeanFactory.java:1643) ~[spring-beans-6.2.11.jar:6.2.11]
	at org.springframework.beans.factory.support.ConstructorResolver.resolveAutowiredArgument(ConstructorResolver.java:913) ~[spring-beans-6.2.11.jar:6.2.11]
	at org.springframework.beans.factory.support.ConstructorResolver.createArgumentArray(ConstructorResolver.java:791) ~[spring-beans-6.2.11.jar:6.2.11]
	... 24 common frames omitted
Caused by: org.springframework.beans.BeanInstantiationException: Failed to instantiate [com.project.serviceImpl.EmployeeServiceImpl]: Constructor threw exception
	at org.springframework.beans.BeanUtils.instantiateClass(BeanUtils.java:223) ~[spring-beans-6.2.11.jar:6.2.11]
	at org.springframework.beans.factory.support.SimpleInstantiationStrategy.instantiate(SimpleInstantiationStrategy.java:146) ~[spring-beans-6.2.11.jar:6.2.11]
	at org.springframework.beans.factory.support.ConstructorResolver.instantiate(ConstructorResolver.java:318) ~[spring-beans-6.2.11.jar:6.2.11]
	... 38 common frames omitted
Caused by: java.lang.Error: Unresolved compilation problem: 

	at com.project.serviceImpl.EmployeeServiceImpl.<init>(EmployeeServiceImpl.java:30) ~[classes/:na]
	at java.base/jdk.internal.reflect.DirectConstructorHandleAccessor.newInstance(DirectConstructorHandleAccessor.java:62) ~[na:na]
	at java.base/java.lang.reflect.Constructor.newInstanceWithCaller(Constructor.java:502) ~[na:na]
	at java.base/java.lang.reflect.Constructor.newInstance(Constructor.java:486) ~[na:na]
	at org.springframework.beans.BeanUtils.instantiateClass(BeanUtils.java:210) ~[spring-beans-6.2.11.jar:6.2.11]
	... 40 common frames omitted

2025-10-20T00:17:35.366+05:30  INFO 3648 --- [PAYROLL_MANAGEMENT_SYSTEM] [restartedMain] c.p.PayrollManagementSystemApplication   : Starting PayrollManagementSystemApplication using Java 21.0.3 with PID 3648 (D:\JAVA_TRAINING\CAPSTONE_PROJECT\PAYROLL_MANAGEMENT_SYSTEM\target\classes started by mustafa.bhagat in D:\JAVA_TRAINING\CAPSTONE_PROJECT\PAYROLL_MANAGEMENT_SYSTEM)
2025-10-20T00:17:35.366+05:30  INFO 3648 --- [PAYROLL_MANAGEMENT_SYSTEM] [restartedMain] c.p.PayrollManagementSystemApplication   : No active profile set, falling back to 1 default profile: "default"
2025-10-20T00:17:35.633+05:30  INFO 3648 --- [PAYROLL_MANAGEMENT_SYSTEM] [restartedMain] .s.d.r.c.RepositoryConfigurationDelegate : Bootstrapping Spring Data JPA repositories in DEFAULT mode.
2025-10-20T00:17:35.684+05:30  INFO 3648 --- [PAYROLL_MANAGEMENT_SYSTEM] [restartedMain] .s.d.r.c.RepositoryConfigurationDelegate : Finished Spring Data repository scanning in 49 ms. Found 12 JPA repository interfaces.
2025-10-20T00:17:35.839+05:30  INFO 3648 --- [PAYROLL_MANAGEMENT_SYSTEM] [restartedMain] o.s.b.w.embedded.tomcat.TomcatWebServer  : Tomcat initialized with port 8080 (http)
2025-10-20T00:17:35.865+05:30  INFO 3648 --- [PAYROLL_MANAGEMENT_SYSTEM] [restartedMain] o.apache.catalina.core.StandardService   : Starting service [Tomcat]
2025-10-20T00:17:35.865+05:30  INFO 3648 --- [PAYROLL_MANAGEMENT_SYSTEM] [restartedMain] o.apache.catalina.core.StandardEngine    : Starting Servlet engine: [Apache Tomcat/10.1.46]
2025-10-20T00:17:35.897+05:30  INFO 3648 --- [PAYROLL_MANAGEMENT_SYSTEM] [restartedMain] o.a.c.c.C.[Tomcat-2].[localhost].[/]     : Initializing Spring embedded WebApplicationContext
2025-10-20T00:17:35.897+05:30  INFO 3648 --- [PAYROLL_MANAGEMENT_SYSTEM] [restartedMain] w.s.c.ServletWebServerApplicationContext : Root WebApplicationContext: initialization completed in 529 ms
2025-10-20T00:17:35.955+05:30  INFO 3648 --- [PAYROLL_MANAGEMENT_SYSTEM] [restartedMain] o.hibernate.jpa.internal.util.LogHelper  : HHH000204: Processing PersistenceUnitInfo [name: default]
2025-10-20T00:17:35.958+05:30  INFO 3648 --- [PAYROLL_MANAGEMENT_SYSTEM] [restartedMain] o.h.c.internal.RegionFactoryInitiator    : HHH000026: Second-level cache disabled
2025-10-20T00:17:35.971+05:30  INFO 3648 --- [PAYROLL_MANAGEMENT_SYSTEM] [restartedMain] o.s.o.j.p.SpringPersistenceUnitInfo      : No LoadTimeWeaver setup: ignoring JPA class transformer
2025-10-20T00:17:35.972+05:30  INFO 3648 --- [PAYROLL_MANAGEMENT_SYSTEM] [restartedMain] com.zaxxer.hikari.HikariDataSource       : HikariPool-6 - Starting...
2025-10-20T00:17:35.980+05:30  INFO 3648 --- [PAYROLL_MANAGEMENT_SYSTEM] [restartedMain] com.zaxxer.hikari.pool.HikariPool        : HikariPool-6 - Added connection com.mysql.cj.jdbc.ConnectionImpl@555c3482
2025-10-20T00:17:35.981+05:30  INFO 3648 --- [PAYROLL_MANAGEMENT_SYSTEM] [restartedMain] com.zaxxer.hikari.HikariDataSource       : HikariPool-6 - Start completed.
2025-10-20T00:17:35.982+05:30  WARN 3648 --- [PAYROLL_MANAGEMENT_SYSTEM] [restartedMain] org.hibernate.orm.deprecation            : HHH90000025: MySQLDialect does not need to be specified explicitly using 'hibernate.dialect' (remove the property setting and it will be selected by default)
2025-10-20T00:17:35.983+05:30  INFO 3648 --- [PAYROLL_MANAGEMENT_SYSTEM] [restartedMain] org.hibernate.orm.connections.pooling    : HHH10001005: Database info:
	Database JDBC URL [Connecting through datasource 'HikariDataSource (HikariPool-6)']
	Database driver: undefined/unknown
	Database version: 8.0.42
	Autocommit mode: undefined/unknown
	Isolation level: undefined/unknown
	Minimum pool size: undefined/unknown
	Maximum pool size: undefined/unknown
2025-10-20T00:17:36.220+05:30  INFO 3648 --- [PAYROLL_MANAGEMENT_SYSTEM] [restartedMain] o.h.e.t.j.p.i.JtaPlatformInitiator       : HHH000489: No JTA platform available (set 'hibernate.transaction.jta.platform' to enable JTA platform integration)
2025-10-20T00:17:36.301+05:30  INFO 3648 --- [PAYROLL_MANAGEMENT_SYSTEM] [restartedMain] j.LocalContainerEntityManagerFactoryBean : Initialized JPA EntityManagerFactory for persistence unit 'default'
2025-10-20T00:17:36.529+05:30  INFO 3648 --- [PAYROLL_MANAGEMENT_SYSTEM] [restartedMain] r$InitializeUserDetailsManagerConfigurer : Global AuthenticationManager configured with UserDetailsService bean with name customUserDetailsService
2025-10-20T00:17:36.780+05:30  WARN 3648 --- [PAYROLL_MANAGEMENT_SYSTEM] [restartedMain] JpaBaseConfiguration$JpaWebConfiguration : spring.jpa.open-in-view is enabled by default. Therefore, database queries may be performed during view rendering. Explicitly configure spring.jpa.open-in-view to disable this warning
2025-10-20T00:17:36.960+05:30 DEBUG 3648 --- [PAYROLL_MANAGEMENT_SYSTEM] [restartedMain] o.s.s.web.DefaultSecurityFilterChain     : Will secure any request with filters: DisableEncodeUrlFilter, WebAsyncManagerIntegrationFilter, SecurityContextHolderFilter, HeaderWriterFilter, CorsFilter, LogoutFilter, JwtAuthenticationFilter, RequestCacheAwareFilter, SecurityContextHolderAwareRequestFilter, AnonymousAuthenticationFilter, SessionManagementFilter, ExceptionTranslationFilter, AuthorizationFilter
2025-10-20T00:17:37.124+05:30  INFO 3648 --- [PAYROLL_MANAGEMENT_SYSTEM] [restartedMain] o.s.b.d.a.OptionalLiveReloadServer       : LiveReload server is running on port 35729
2025-10-20T00:17:37.141+05:30  INFO 3648 --- [PAYROLL_MANAGEMENT_SYSTEM] [restartedMain] o.s.b.w.embedded.tomcat.TomcatWebServer  : Tomcat started on port 8080 (http) with context path '/'
2025-10-20T00:17:37.146+05:30  INFO 3648 --- [PAYROLL_MANAGEMENT_SYSTEM] [restartedMain] c.p.PayrollManagementSystemApplication   : Started PayrollManagementSystemApplication in 1.808 seconds (process running for 734.414)
2025-10-20T00:17:37.147+05:30  INFO 3648 --- [PAYROLL_MANAGEMENT_SYSTEM] [restartedMain] .ConditionEvaluationDeltaLoggingListener : Condition evaluation unchanged
2025-10-20T00:17:43.504+05:30  INFO 3648 --- [PAYROLL_MANAGEMENT_SYSTEM] [http-nio-8080-exec-2] o.a.c.c.C.[Tomcat-2].[localhost].[/]     : Initializing Spring DispatcherServlet 'dispatcherServlet'
2025-10-20T00:17:43.504+05:30  INFO 3648 --- [PAYROLL_MANAGEMENT_SYSTEM] [http-nio-8080-exec-2] o.s.web.servlet.DispatcherServlet        : Initializing Servlet 'dispatcherServlet'
2025-10-20T00:17:43.505+05:30  INFO 3648 --- [PAYROLL_MANAGEMENT_SYSTEM] [http-nio-8080-exec-2] o.s.web.servlet.DispatcherServlet        : Completed initialization in 0 ms
2025-10-20T00:17:43.507+05:30 DEBUG 3648 --- [PAYROLL_MANAGEMENT_SYSTEM] [http-nio-8080-exec-2] o.s.security.web.FilterChainProxy        : Securing GET /api/bank-admin/employees/pending-verifications
2025-10-20T00:17:43.507+05:30  INFO 3648 --- [PAYROLL_MANAGEMENT_SYSTEM] [http-nio-8080-exec-2] c.p.security.JwtAuthenticationFilter     : 🔹 Incoming request: /api/bank-admin/employees/pending-verifications
2025-10-20T00:17:43.510+05:30  INFO 3648 --- [PAYROLL_MANAGEMENT_SYSTEM] [http-nio-8080-exec-2] c.p.security.JwtAuthenticationFilter     : 🔹 Extracted username from JWT: bankadmin1
2025-10-20T00:17:43.555+05:30 DEBUG 3648 --- [PAYROLL_MANAGEMENT_SYSTEM] [http-nio-8080-exec-2] org.hibernate.SQL                        : select u1_0.id,u1_0.email,u1_0.organization_id,u1_0.password,u1_0.role,u1_0.username from user u1_0 where u1_0.username=?
2025-10-20T00:17:43.556+05:30 TRACE 3648 --- [PAYROLL_MANAGEMENT_SYSTEM] [http-nio-8080-exec-2] org.hibernate.orm.jdbc.bind              : binding parameter (1:VARCHAR) <- [bankadmin1]
2025-10-20T00:17:43.557+05:30  INFO 3648 --- [PAYROLL_MANAGEMENT_SYSTEM] [http-nio-8080-exec-2] c.p.security.JwtAuthenticationFilter     : 🔹 Loaded user details for: bankadmin1
2025-10-20T00:17:43.562+05:30  INFO 3648 --- [PAYROLL_MANAGEMENT_SYSTEM] [http-nio-8080-exec-2] c.p.security.JwtAuthenticationFilter     : ✅ JWT validated successfully for bankadmin1
2025-10-20T00:17:43.563+05:30 DEBUG 3648 --- [PAYROLL_MANAGEMENT_SYSTEM] [http-nio-8080-exec-2] o.s.security.web.FilterChainProxy        : Secured GET /api/bank-admin/employees/pending-verifications
2025-10-20T00:17:43.567+05:30 DEBUG 3648 --- [PAYROLL_MANAGEMENT_SYSTEM] [http-nio-8080-exec-2] horizationManagerBeforeMethodInterceptor : Authorizing method invocation ReflectiveMethodInvocation: public org.springframework.http.ResponseEntity com.project.controllers.BankAdminController.getPendingVerifications(java.lang.String); target is of class [com.project.controllers.BankAdminController]
2025-10-20T00:17:43.569+05:30 DEBUG 3648 --- [PAYROLL_MANAGEMENT_SYSTEM] [http-nio-8080-exec-2] horizationManagerBeforeMethodInterceptor : Authorized method invocation ReflectiveMethodInvocation: public org.springframework.http.ResponseEntity com.project.controllers.BankAdminController.getPendingVerifications(java.lang.String); target is of class [com.project.controllers.BankAdminController]
2025-10-20T00:17:43.573+05:30 DEBUG 3648 --- [PAYROLL_MANAGEMENT_SYSTEM] [http-nio-8080-exec-2] org.hibernate.SQL                        : select ba1_0.id,ba1_0.bank_id,ba1_0.contact_number,ba1_0.email,ba1_0.name,ba1_0.password,ba1_0.user_id from bank_admin ba1_0 where ba1_0.email=?
2025-10-20T00:17:43.573+05:30 TRACE 3648 --- [PAYROLL_MANAGEMENT_SYSTEM] [http-nio-8080-exec-2] org.hibernate.orm.jdbc.bind              : binding parameter (1:VARCHAR) <- [bankadmin1]
2025-10-20T00:17:43.580+05:30 DEBUG 3648 --- [PAYROLL_MANAGEMENT_SYSTEM] [http-nio-8080-exec-2] org.hibernate.SQL                        : select ba1_0.id,ba1_0.bank_id,ba1_0.contact_number,ba1_0.email,ba1_0.name,ba1_0.password,ba1_0.user_id from bank_admin ba1_0 left join user u1_0 on u1_0.id=ba1_0.user_id where u1_0.username=?
2025-10-20T00:17:43.580+05:30 TRACE 3648 --- [PAYROLL_MANAGEMENT_SYSTEM] [http-nio-8080-exec-2] org.hibernate.orm.jdbc.bind              : binding parameter (1:VARCHAR) <- [bankadmin1]
2025-10-20T00:17:43.587+05:30 DEBUG 3648 --- [PAYROLL_MANAGEMENT_SYSTEM] [http-nio-8080-exec-2] org.hibernate.SQL                        : select b1_0.id,ba1_0.id,ba1_0.contact_number,ba1_0.email,ba1_0.name,ba1_0.password,u1_0.id,u1_0.email,u1_0.organization_id,u1_0.password,u1_0.role,u1_0.username,b1_0.bank_name,b1_0.branch,b1_0.contact_number from bank b1_0 left join bank_admin ba1_0 on b1_0.id=ba1_0.bank_id left join user u1_0 on u1_0.id=ba1_0.user_id where b1_0.id=?
2025-10-20T00:17:43.587+05:30 TRACE 3648 --- [PAYROLL_MANAGEMENT_SYSTEM] [http-nio-8080-exec-2] org.hibernate.orm.jdbc.bind              : binding parameter (1:BIGINT) <- [1]
2025-10-20T00:17:43.664+05:30 DEBUG 3648 --- [PAYROLL_MANAGEMENT_SYSTEM] [http-nio-8080-exec-2] org.hibernate.SQL                        : select e1_0.id,e1_0.account_number,e1_0.bank_name,e1_0.department,e1_0.designation,e1_0.document_url,e1_0.email,e1_0.full_name,e1_0.ifsc_code,e1_0.organization_id,e1_0.password,e1_0.salary_structure_id,e1_0.username,e1_0.verification_status from employee e1_0 join organizations o1_0 on o1_0.id=e1_0.organization_id where o1_0.bank_id=? and e1_0.verification_status=?
2025-10-20T00:17:43.664+05:30 TRACE 3648 --- [PAYROLL_MANAGEMENT_SYSTEM] [http-nio-8080-exec-2] org.hibernate.orm.jdbc.bind              : binding parameter (1:BIGINT) <- [1]
2025-10-20T00:17:43.665+05:30 TRACE 3648 --- [PAYROLL_MANAGEMENT_SYSTEM] [http-nio-8080-exec-2] org.hibernate.orm.jdbc.bind              : binding parameter (2:ENUM) <- [PENDING]
2025-10-20T00:18:16.593+05:30 DEBUG 3648 --- [PAYROLL_MANAGEMENT_SYSTEM] [http-nio-8080-exec-3] o.s.security.web.FilterChainProxy        : Securing POST /api/auth/login
2025-10-20T00:18:16.593+05:30  INFO 3648 --- [PAYROLL_MANAGEMENT_SYSTEM] [http-nio-8080-exec-3] c.p.security.JwtAuthenticationFilter     : 🔹 Incoming request: /api/auth/login
2025-10-20T00:18:16.593+05:30 DEBUG 3648 --- [PAYROLL_MANAGEMENT_SYSTEM] [http-nio-8080-exec-3] o.s.s.w.a.AnonymousAuthenticationFilter  : Set SecurityContextHolder to anonymous SecurityContext
2025-10-20T00:18:16.593+05:30 DEBUG 3648 --- [PAYROLL_MANAGEMENT_SYSTEM] [http-nio-8080-exec-3] o.s.security.web.FilterChainProxy        : Secured POST /api/auth/login
2025-10-20T00:18:16.604+05:30 DEBUG 3648 --- [PAYROLL_MANAGEMENT_SYSTEM] [http-nio-8080-exec-3] org.hibernate.SQL                        : select u1_0.id,u1_0.email,u1_0.organization_id,u1_0.password,u1_0.role,u1_0.username from user u1_0 where u1_0.username=?
2025-10-20T00:18:16.605+05:30 TRACE 3648 --- [PAYROLL_MANAGEMENT_SYSTEM] [http-nio-8080-exec-3] org.hibernate.orm.jdbc.bind              : binding parameter (1:VARCHAR) <- [tata_admin]
2025-10-20T00:18:16.605+05:30 DEBUG 3648 --- [PAYROLL_MANAGEMENT_SYSTEM] [http-nio-8080-exec-3] org.hibernate.SQL                        : select o1_0.id,o1_0.address,o1_0.bank_id,b1_0.id,ba1_0.id,ba1_0.contact_number,ba1_0.email,ba1_0.name,ba1_0.password,ba1_0.user_id,b1_0.bank_name,b1_0.branch,b1_0.contact_number,o1_0.contact_email,o1_0.contact_phone,o1_0.document_url,o1_0.org_name,o1_0.registration_number,o1_0.verification_status,vb1_0.id,b2_0.id,b2_0.bank_name,b2_0.branch,b2_0.contact_number,vb1_0.contact_number,vb1_0.email,vb1_0.name,vb1_0.password,u2_0.id,u2_0.email,u2_0.organization_id,u2_0.password,u2_0.role,u2_0.username from organizations o1_0 join bank b1_0 on b1_0.id=o1_0.bank_id left join bank_admin ba1_0 on b1_0.id=ba1_0.bank_id left join bank_admin vb1_0 on vb1_0.id=o1_0.bank_admin_id left join bank b2_0 on b2_0.id=vb1_0.bank_id left join user u2_0 on u2_0.id=vb1_0.user_id where o1_0.id=?
2025-10-20T00:18:16.605+05:30 TRACE 3648 --- [PAYROLL_MANAGEMENT_SYSTEM] [http-nio-8080-exec-3] org.hibernate.orm.jdbc.bind              : binding parameter (1:BIGINT) <- [1]
2025-10-20T00:18:16.733+05:30 DEBUG 3648 --- [PAYROLL_MANAGEMENT_SYSTEM] [http-nio-8080-exec-3] org.hibernate.SQL                        : select u1_0.id,u1_0.email,u1_0.organization_id,u1_0.password,u1_0.role,u1_0.username from user u1_0 where u1_0.username=?
2025-10-20T00:18:16.733+05:30 TRACE 3648 --- [PAYROLL_MANAGEMENT_SYSTEM] [http-nio-8080-exec-3] org.hibernate.orm.jdbc.bind              : binding parameter (1:VARCHAR) <- [tata_admin]
2025-10-20T00:18:16.854+05:30 DEBUG 3648 --- [PAYROLL_MANAGEMENT_SYSTEM] [http-nio-8080-exec-3] o.s.s.a.dao.DaoAuthenticationProvider    : Authenticated user
2025-10-20T00:19:09.610+05:30 DEBUG 3648 --- [PAYROLL_MANAGEMENT_SYSTEM] [http-nio-8080-exec-4] o.s.security.web.FilterChainProxy        : Securing POST /api/employees
2025-10-20T00:19:09.616+05:30  INFO 3648 --- [PAYROLL_MANAGEMENT_SYSTEM] [http-nio-8080-exec-4] c.p.security.JwtAuthenticationFilter     : 🔹 Incoming request: /api/employees
2025-10-20T00:19:09.619+05:30  INFO 3648 --- [PAYROLL_MANAGEMENT_SYSTEM] [http-nio-8080-exec-4] c.p.security.JwtAuthenticationFilter     : 🔹 Extracted username from JWT: tata_admin
2025-10-20T00:19:09.625+05:30 DEBUG 3648 --- [PAYROLL_MANAGEMENT_SYSTEM] [http-nio-8080-exec-4] org.hibernate.SQL                        : select u1_0.id,u1_0.email,u1_0.organization_id,u1_0.password,u1_0.role,u1_0.username from user u1_0 where u1_0.username=?
2025-10-20T00:19:09.625+05:30 TRACE 3648 --- [PAYROLL_MANAGEMENT_SYSTEM] [http-nio-8080-exec-4] org.hibernate.orm.jdbc.bind              : binding parameter (1:VARCHAR) <- [tata_admin]
2025-10-20T00:19:09.629+05:30 DEBUG 3648 --- [PAYROLL_MANAGEMENT_SYSTEM] [http-nio-8080-exec-4] org.hibernate.SQL                        : select o1_0.id,o1_0.address,o1_0.bank_id,b1_0.id,ba1_0.id,ba1_0.contact_number,ba1_0.email,ba1_0.name,ba1_0.password,ba1_0.user_id,b1_0.bank_name,b1_0.branch,b1_0.contact_number,o1_0.contact_email,o1_0.contact_phone,o1_0.document_url,o1_0.org_name,o1_0.registration_number,o1_0.verification_status,vb1_0.id,b2_0.id,b2_0.bank_name,b2_0.branch,b2_0.contact_number,vb1_0.contact_number,vb1_0.email,vb1_0.name,vb1_0.password,u2_0.id,u2_0.email,u2_0.organization_id,u2_0.password,u2_0.role,u2_0.username from organizations o1_0 join bank b1_0 on b1_0.id=o1_0.bank_id left join bank_admin ba1_0 on b1_0.id=ba1_0.bank_id left join bank_admin vb1_0 on vb1_0.id=o1_0.bank_admin_id left join bank b2_0 on b2_0.id=vb1_0.bank_id left join user u2_0 on u2_0.id=vb1_0.user_id where o1_0.id=?
2025-10-20T00:19:09.629+05:30 TRACE 3648 --- [PAYROLL_MANAGEMENT_SYSTEM] [http-nio-8080-exec-4] org.hibernate.orm.jdbc.bind              : binding parameter (1:BIGINT) <- [1]
2025-10-20T00:19:09.630+05:30  INFO 3648 --- [PAYROLL_MANAGEMENT_SYSTEM] [http-nio-8080-exec-4] c.p.security.JwtAuthenticationFilter     : 🔹 Loaded user details for: tata_admin
2025-10-20T00:19:09.635+05:30  INFO 3648 --- [PAYROLL_MANAGEMENT_SYSTEM] [http-nio-8080-exec-4] c.p.security.JwtAuthenticationFilter     : ✅ JWT validated successfully for tata_admin
2025-10-20T00:19:09.637+05:30 DEBUG 3648 --- [PAYROLL_MANAGEMENT_SYSTEM] [http-nio-8080-exec-4] o.s.security.web.FilterChainProxy        : Secured POST /api/employees
2025-10-20T00:19:12.549+05:30 DEBUG 3648 --- [PAYROLL_MANAGEMENT_SYSTEM] [http-nio-8080-exec-4] org.hibernate.SQL                        : select u1_0.id,u1_0.email,u1_0.organization_id,u1_0.password,u1_0.role,u1_0.username from user u1_0 where u1_0.username=?
2025-10-20T00:19:12.549+05:30 TRACE 3648 --- [PAYROLL_MANAGEMENT_SYSTEM] [http-nio-8080-exec-4] org.hibernate.orm.jdbc.bind              : binding parameter (1:VARCHAR) <- [tata_admin]
2025-10-20T00:19:12.549+05:30 DEBUG 3648 --- [PAYROLL_MANAGEMENT_SYSTEM] [http-nio-8080-exec-4] org.hibernate.SQL                        : select o1_0.id,o1_0.address,o1_0.bank_id,b1_0.id,ba1_0.id,ba1_0.contact_number,ba1_0.email,ba1_0.name,ba1_0.password,ba1_0.user_id,b1_0.bank_name,b1_0.branch,b1_0.contact_number,o1_0.contact_email,o1_0.contact_phone,o1_0.document_url,o1_0.org_name,o1_0.registration_number,o1_0.verification_status,vb1_0.id,b2_0.id,b2_0.bank_name,b2_0.branch,b2_0.contact_number,vb1_0.contact_number,vb1_0.email,vb1_0.name,vb1_0.password,u2_0.id,u2_0.email,u2_0.organization_id,u2_0.password,u2_0.role,u2_0.username from organizations o1_0 join bank b1_0 on b1_0.id=o1_0.bank_id left join bank_admin ba1_0 on b1_0.id=ba1_0.bank_id left join bank_admin vb1_0 on vb1_0.id=o1_0.bank_admin_id left join bank b2_0 on b2_0.id=vb1_0.bank_id left join user u2_0 on u2_0.id=vb1_0.user_id where o1_0.id=?
2025-10-20T00:19:12.549+05:30 TRACE 3648 --- [PAYROLL_MANAGEMENT_SYSTEM] [http-nio-8080-exec-4] org.hibernate.orm.jdbc.bind              : binding parameter (1:BIGINT) <- [1]
2025-10-20T00:19:12.729+05:30 DEBUG 3648 --- [PAYROLL_MANAGEMENT_SYSTEM] [http-nio-8080-exec-4] org.hibernate.SQL                        : insert into employee (account_number,bank_name,department,designation,document_url,email,full_name,ifsc_code,organization_id,password,salary_structure_id,username,verification_status) values (?,?,?,?,?,?,?,?,?,?,?,?,?)
2025-10-20T00:19:12.729+05:30 TRACE 3648 --- [PAYROLL_MANAGEMENT_SYSTEM] [http-nio-8080-exec-4] org.hibernate.orm.jdbc.bind              : binding parameter (1:VARCHAR) <- [9976544410]
2025-10-20T00:19:12.729+05:30 TRACE 3648 --- [PAYROLL_MANAGEMENT_SYSTEM] [http-nio-8080-exec-4] org.hibernate.orm.jdbc.bind              : binding parameter (2:VARCHAR) <- [National Bank of India]
2025-10-20T00:19:12.729+05:30 TRACE 3648 --- [PAYROLL_MANAGEMENT_SYSTEM] [http-nio-8080-exec-4] org.hibernate.orm.jdbc.bind              : binding parameter (3:VARCHAR) <- [IT]
2025-10-20T00:19:12.729+05:30 TRACE 3648 --- [PAYROLL_MANAGEMENT_SYSTEM] [http-nio-8080-exec-4] org.hibernate.orm.jdbc.bind              : binding parameter (4:VARCHAR) <- [Developer]
2025-10-20T00:19:12.729+05:30 TRACE 3648 --- [PAYROLL_MANAGEMENT_SYSTEM] [http-nio-8080-exec-4] org.hibernate.orm.jdbc.bind              : binding parameter (5:VARCHAR) <- [https://res.cloudinary.com/dftrdgj0r/raw/upload/v1760899752/employee_docs/ylylg7xn7jtzgfamrzpq]
2025-10-20T00:19:12.729+05:30 TRACE 3648 --- [PAYROLL_MANAGEMENT_SYSTEM] [http-nio-8080-exec-4] org.hibernate.orm.jdbc.bind              : binding parameter (6:VARCHAR) <- [beastimmortal81@gmail.com]
2025-10-20T00:19:12.729+05:30 TRACE 3648 --- [PAYROLL_MANAGEMENT_SYSTEM] [http-nio-8080-exec-4] org.hibernate.orm.jdbc.bind              : binding parameter (7:VARCHAR) <- [Marvel2]
2025-10-20T00:19:12.729+05:30 TRACE 3648 --- [PAYROLL_MANAGEMENT_SYSTEM] [http-nio-8080-exec-4] org.hibernate.orm.jdbc.bind              : binding parameter (8:VARCHAR) <- [NBOI0001234]
2025-10-20T00:19:12.729+05:30 TRACE 3648 --- [PAYROLL_MANAGEMENT_SYSTEM] [http-nio-8080-exec-4] org.hibernate.orm.jdbc.bind              : binding parameter (9:BIGINT) <- [1]
2025-10-20T00:19:12.729+05:30 TRACE 3648 --- [PAYROLL_MANAGEMENT_SYSTEM] [http-nio-8080-exec-4] org.hibernate.orm.jdbc.bind              : binding parameter (10:VARCHAR) <- [$2a$10$1UMqkfw7M/0Ux.3gjJOTseWadMMXcYNobuOFTBVyKeiljg1SQ0m2C]
2025-10-20T00:19:12.729+05:30 TRACE 3648 --- [PAYROLL_MANAGEMENT_SYSTEM] [http-nio-8080-exec-4] org.hibernate.orm.jdbc.bind              : binding parameter (11:BIGINT) <- [null]
2025-10-20T00:19:12.729+05:30 TRACE 3648 --- [PAYROLL_MANAGEMENT_SYSTEM] [http-nio-8080-exec-4] org.hibernate.orm.jdbc.bind              : binding parameter (12:VARCHAR) <- [marvel2]
2025-10-20T00:19:12.729+05:30 TRACE 3648 --- [PAYROLL_MANAGEMENT_SYSTEM] [http-nio-8080-exec-4] org.hibernate.orm.jdbc.bind              : binding parameter (13:ENUM) <- [PENDING]
2025-10-20T00:19:12.746+05:30 DEBUG 3648 --- [PAYROLL_MANAGEMENT_SYSTEM] [http-nio-8080-exec-4] org.hibernate.SQL                        : insert into salary_structures (allowances,basic,da,employee_id,hra,net_salary,pf) values (?,?,?,?,?,?,?)
2025-10-20T00:19:12.746+05:30 TRACE 3648 --- [PAYROLL_MANAGEMENT_SYSTEM] [http-nio-8080-exec-4] org.hibernate.orm.jdbc.bind              : binding parameter (1:DOUBLE) <- [5000.0]
2025-10-20T00:19:12.754+05:30 TRACE 3648 --- [PAYROLL_MANAGEMENT_SYSTEM] [http-nio-8080-exec-4] org.hibernate.orm.jdbc.bind              : binding parameter (2:DOUBLE) <- [50000.0]
2025-10-20T00:19:12.754+05:30 TRACE 3648 --- [PAYROLL_MANAGEMENT_SYSTEM] [http-nio-8080-exec-4] org.hibernate.orm.jdbc.bind              : binding parameter (3:DOUBLE) <- [5000.0]
2025-10-20T00:19:12.754+05:30 TRACE 3648 --- [PAYROLL_MANAGEMENT_SYSTEM] [http-nio-8080-exec-4] org.hibernate.orm.jdbc.bind              : binding parameter (4:BIGINT) <- [2]
2025-10-20T00:19:12.754+05:30 TRACE 3648 --- [PAYROLL_MANAGEMENT_SYSTEM] [http-nio-8080-exec-4] org.hibernate.orm.jdbc.bind              : binding parameter (5:DOUBLE) <- [10000.0]
2025-10-20T00:19:12.754+05:30 TRACE 3648 --- [PAYROLL_MANAGEMENT_SYSTEM] [http-nio-8080-exec-4] org.hibernate.orm.jdbc.bind              : binding parameter (6:DOUBLE) <- [71000.0]
2025-10-20T00:19:12.754+05:30 TRACE 3648 --- [PAYROLL_MANAGEMENT_SYSTEM] [http-nio-8080-exec-4] org.hibernate.orm.jdbc.bind              : binding parameter (7:DOUBLE) <- [1000.0]
2025-10-20T00:19:12.772+05:30 DEBUG 3648 --- [PAYROLL_MANAGEMENT_SYSTEM] [http-nio-8080-exec-4] org.hibernate.SQL                        : update employee set account_number=?,bank_name=?,department=?,designation=?,document_url=?,email=?,full_name=?,ifsc_code=?,organization_id=?,password=?,salary_structure_id=?,username=?,verification_status=? where id=?
2025-10-20T00:19:12.772+05:30 TRACE 3648 --- [PAYROLL_MANAGEMENT_SYSTEM] [http-nio-8080-exec-4] org.hibernate.orm.jdbc.bind              : binding parameter (1:VARCHAR) <- [9976544410]
2025-10-20T00:19:12.772+05:30 TRACE 3648 --- [PAYROLL_MANAGEMENT_SYSTEM] [http-nio-8080-exec-4] org.hibernate.orm.jdbc.bind              : binding parameter (2:VARCHAR) <- [National Bank of India]
2025-10-20T00:19:12.772+05:30 TRACE 3648 --- [PAYROLL_MANAGEMENT_SYSTEM] [http-nio-8080-exec-4] org.hibernate.orm.jdbc.bind              : binding parameter (3:VARCHAR) <- [IT]
2025-10-20T00:19:12.772+05:30 TRACE 3648 --- [PAYROLL_MANAGEMENT_SYSTEM] [http-nio-8080-exec-4] org.hibernate.orm.jdbc.bind              : binding parameter (4:VARCHAR) <- [Developer]
2025-10-20T00:19:12.772+05:30 TRACE 3648 --- [PAYROLL_MANAGEMENT_SYSTEM] [http-nio-8080-exec-4] org.hibernate.orm.jdbc.bind              : binding parameter (5:VARCHAR) <- [https://res.cloudinary.com/dftrdgj0r/raw/upload/v1760899752/employee_docs/ylylg7xn7jtzgfamrzpq]
2025-10-20T00:19:12.772+05:30 TRACE 3648 --- [PAYROLL_MANAGEMENT_SYSTEM] [http-nio-8080-exec-4] org.hibernate.orm.jdbc.bind              : binding parameter (6:VARCHAR) <- [beastimmortal81@gmail.com]
2025-10-20T00:19:12.772+05:30 TRACE 3648 --- [PAYROLL_MANAGEMENT_SYSTEM] [http-nio-8080-exec-4] org.hibernate.orm.jdbc.bind              : binding parameter (7:VARCHAR) <- [Marvel2]
2025-10-20T00:19:12.772+05:30 TRACE 3648 --- [PAYROLL_MANAGEMENT_SYSTEM] [http-nio-8080-exec-4] org.hibernate.orm.jdbc.bind              : binding parameter (8:VARCHAR) <- [NBOI0001234]
2025-10-20T00:19:12.772+05:30 TRACE 3648 --- [PAYROLL_MANAGEMENT_SYSTEM] [http-nio-8080-exec-4] org.hibernate.orm.jdbc.bind              : binding parameter (9:BIGINT) <- [1]
2025-10-20T00:19:12.772+05:30 TRACE 3648 --- [PAYROLL_MANAGEMENT_SYSTEM] [http-nio-8080-exec-4] org.hibernate.orm.jdbc.bind              : binding parameter (10:VARCHAR) <- [$2a$10$1UMqkfw7M/0Ux.3gjJOTseWadMMXcYNobuOFTBVyKeiljg1SQ0m2C]
2025-10-20T00:19:12.772+05:30 TRACE 3648 --- [PAYROLL_MANAGEMENT_SYSTEM] [http-nio-8080-exec-4] org.hibernate.orm.jdbc.bind              : binding parameter (11:BIGINT) <- [2]
2025-10-20T00:19:12.772+05:30 TRACE 3648 --- [PAYROLL_MANAGEMENT_SYSTEM] [http-nio-8080-exec-4] org.hibernate.orm.jdbc.bind              : binding parameter (12:VARCHAR) <- [marvel2]
2025-10-20T00:19:12.772+05:30 TRACE 3648 --- [PAYROLL_MANAGEMENT_SYSTEM] [http-nio-8080-exec-4] org.hibernate.orm.jdbc.bind              : binding parameter (13:ENUM) <- [PENDING]
2025-10-20T00:19:12.772+05:30 TRACE 3648 --- [PAYROLL_MANAGEMENT_SYSTEM] [http-nio-8080-exec-4] org.hibernate.orm.jdbc.bind              : binding parameter (14:BIGINT) <- [2]
2025-10-20T00:19:32.076+05:30 DEBUG 3648 --- [PAYROLL_MANAGEMENT_SYSTEM] [http-nio-8080-exec-5] o.s.security.web.FilterChainProxy        : Securing GET /api/bank-admin/employees/pending-verifications
2025-10-20T00:19:32.076+05:30  INFO 3648 --- [PAYROLL_MANAGEMENT_SYSTEM] [http-nio-8080-exec-5] c.p.security.JwtAuthenticationFilter     : 🔹 Incoming request: /api/bank-admin/employees/pending-verifications
2025-10-20T00:19:32.076+05:30  INFO 3648 --- [PAYROLL_MANAGEMENT_SYSTEM] [http-nio-8080-exec-5] c.p.security.JwtAuthenticationFilter     : 🔹 Extracted username from JWT: bankadmin1
2025-10-20T00:19:32.084+05:30 DEBUG 3648 --- [PAYROLL_MANAGEMENT_SYSTEM] [http-nio-8080-exec-5] org.hibernate.SQL                        : select u1_0.id,u1_0.email,u1_0.organization_id,u1_0.password,u1_0.role,u1_0.username from user u1_0 where u1_0.username=?
2025-10-20T00:19:32.084+05:30 TRACE 3648 --- [PAYROLL_MANAGEMENT_SYSTEM] [http-nio-8080-exec-5] org.hibernate.orm.jdbc.bind              : binding parameter (1:VARCHAR) <- [bankadmin1]
2025-10-20T00:19:32.084+05:30  INFO 3648 --- [PAYROLL_MANAGEMENT_SYSTEM] [http-nio-8080-exec-5] c.p.security.JwtAuthenticationFilter     : 🔹 Loaded user details for: bankadmin1
2025-10-20T00:19:32.090+05:30  INFO 3648 --- [PAYROLL_MANAGEMENT_SYSTEM] [http-nio-8080-exec-5] c.p.security.JwtAuthenticationFilter     : ✅ JWT validated successfully for bankadmin1
2025-10-20T00:19:32.090+05:30 DEBUG 3648 --- [PAYROLL_MANAGEMENT_SYSTEM] [http-nio-8080-exec-5] o.s.security.web.FilterChainProxy        : Secured GET /api/bank-admin/employees/pending-verifications
2025-10-20T00:19:32.092+05:30 DEBUG 3648 --- [PAYROLL_MANAGEMENT_SYSTEM] [http-nio-8080-exec-5] horizationManagerBeforeMethodInterceptor : Authorizing method invocation ReflectiveMethodInvocation: public org.springframework.http.ResponseEntity com.project.controllers.BankAdminController.getPendingVerifications(java.lang.String); target is of class [com.project.controllers.BankAdminController]
2025-10-20T00:19:32.092+05:30 DEBUG 3648 --- [PAYROLL_MANAGEMENT_SYSTEM] [http-nio-8080-exec-5] horizationManagerBeforeMethodInterceptor : Authorized method invocation ReflectiveMethodInvocation: public org.springframework.http.ResponseEntity com.project.controllers.BankAdminController.getPendingVerifications(java.lang.String); target is of class [com.project.controllers.BankAdminController]
2025-10-20T00:19:32.092+05:30 DEBUG 3648 --- [PAYROLL_MANAGEMENT_SYSTEM] [http-nio-8080-exec-5] org.hibernate.SQL                        : select ba1_0.id,ba1_0.bank_id,ba1_0.contact_number,ba1_0.email,ba1_0.name,ba1_0.password,ba1_0.user_id from bank_admin ba1_0 where ba1_0.email=?
2025-10-20T00:19:32.092+05:30 TRACE 3648 --- [PAYROLL_MANAGEMENT_SYSTEM] [http-nio-8080-exec-5] org.hibernate.orm.jdbc.bind              : binding parameter (1:VARCHAR) <- [bankadmin1]
2025-10-20T00:19:32.092+05:30 DEBUG 3648 --- [PAYROLL_MANAGEMENT_SYSTEM] [http-nio-8080-exec-5] org.hibernate.SQL                        : select ba1_0.id,ba1_0.bank_id,ba1_0.contact_number,ba1_0.email,ba1_0.name,ba1_0.password,ba1_0.user_id from bank_admin ba1_0 left join user u1_0 on u1_0.id=ba1_0.user_id where u1_0.username=?
2025-10-20T00:19:32.092+05:30 TRACE 3648 --- [PAYROLL_MANAGEMENT_SYSTEM] [http-nio-8080-exec-5] org.hibernate.orm.jdbc.bind              : binding parameter (1:VARCHAR) <- [bankadmin1]
2025-10-20T00:19:32.092+05:30 DEBUG 3648 --- [PAYROLL_MANAGEMENT_SYSTEM] [http-nio-8080-exec-5] org.hibernate.SQL                        : select b1_0.id,ba1_0.id,ba1_0.contact_number,ba1_0.email,ba1_0.name,ba1_0.password,u1_0.id,u1_0.email,u1_0.organization_id,u1_0.password,u1_0.role,u1_0.username,b1_0.bank_name,b1_0.branch,b1_0.contact_number from bank b1_0 left join bank_admin ba1_0 on b1_0.id=ba1_0.bank_id left join user u1_0 on u1_0.id=ba1_0.user_id where b1_0.id=?
2025-10-20T00:19:32.092+05:30 TRACE 3648 --- [PAYROLL_MANAGEMENT_SYSTEM] [http-nio-8080-exec-5] org.hibernate.orm.jdbc.bind              : binding parameter (1:BIGINT) <- [1]
2025-10-20T00:19:32.103+05:30 DEBUG 3648 --- [PAYROLL_MANAGEMENT_SYSTEM] [http-nio-8080-exec-5] org.hibernate.SQL                        : select e1_0.id,e1_0.account_number,e1_0.bank_name,e1_0.department,e1_0.designation,e1_0.document_url,e1_0.email,e1_0.full_name,e1_0.ifsc_code,e1_0.organization_id,e1_0.password,e1_0.salary_structure_id,e1_0.username,e1_0.verification_status from employee e1_0 join organizations o1_0 on o1_0.id=e1_0.organization_id where o1_0.bank_id=? and e1_0.verification_status=?
2025-10-20T00:19:32.103+05:30 TRACE 3648 --- [PAYROLL_MANAGEMENT_SYSTEM] [http-nio-8080-exec-5] org.hibernate.orm.jdbc.bind              : binding parameter (1:BIGINT) <- [1]
2025-10-20T00:19:32.103+05:30 TRACE 3648 --- [PAYROLL_MANAGEMENT_SYSTEM] [http-nio-8080-exec-5] org.hibernate.orm.jdbc.bind              : binding parameter (2:ENUM) <- [PENDING]
2025-10-20T00:19:32.105+05:30 DEBUG 3648 --- [PAYROLL_MANAGEMENT_SYSTEM] [http-nio-8080-exec-5] org.hibernate.SQL                        : select o1_0.id,o1_0.address,o1_0.bank_id,b1_0.id,ba1_0.id,ba1_0.contact_number,ba1_0.email,ba1_0.name,ba1_0.password,ba1_0.user_id,b1_0.bank_name,b1_0.branch,b1_0.contact_number,o1_0.contact_email,o1_0.contact_phone,o1_0.document_url,o1_0.org_name,o1_0.registration_number,o1_0.verification_status,vb1_0.id,b2_0.id,b2_0.bank_name,b2_0.branch,b2_0.contact_number,vb1_0.contact_number,vb1_0.email,vb1_0.name,vb1_0.password,u2_0.id,u2_0.email,u2_0.organization_id,u2_0.password,u2_0.role,u2_0.username from organizations o1_0 join bank b1_0 on b1_0.id=o1_0.bank_id left join bank_admin ba1_0 on b1_0.id=ba1_0.bank_id left join bank_admin vb1_0 on vb1_0.id=o1_0.bank_admin_id left join bank b2_0 on b2_0.id=vb1_0.bank_id left join user u2_0 on u2_0.id=vb1_0.user_id where o1_0.id=?
2025-10-20T00:19:32.105+05:30 TRACE 3648 --- [PAYROLL_MANAGEMENT_SYSTEM] [http-nio-8080-exec-5] org.hibernate.orm.jdbc.bind              : binding parameter (1:BIGINT) <- [1]
2025-10-20T00:19:32.105+05:30 DEBUG 3648 --- [PAYROLL_MANAGEMENT_SYSTEM] [http-nio-8080-exec-5] org.hibernate.SQL                        : select ss1_0.id,ss1_0.allowances,ss1_0.basic,ss1_0.da,ss1_0.employee_id,e1_0.id,e1_0.account_number,e1_0.bank_name,e1_0.department,e1_0.designation,e1_0.document_url,e1_0.email,e1_0.full_name,e1_0.ifsc_code,e1_0.organization_id,o1_0.id,o1_0.address,o1_0.bank_id,o1_0.contact_email,o1_0.contact_phone,o1_0.document_url,o1_0.org_name,o1_0.registration_number,o1_0.verification_status,o1_0.bank_admin_id,e1_0.password,ss2_0.id,ss2_0.allowances,ss2_0.basic,ss2_0.da,ss2_0.employee_id,ss2_0.hra,ss2_0.net_salary,ss2_0.pf,e1_0.username,e1_0.verification_status,ss1_0.hra,ss1_0.net_salary,ss1_0.pf from salary_structures ss1_0 join employee e1_0 on e1_0.id=ss1_0.employee_id join organizations o1_0 on o1_0.id=e1_0.organization_id left join salary_structures ss2_0 on ss2_0.id=e1_0.salary_structure_id where ss1_0.id=?
2025-10-20T00:19:32.105+05:30 TRACE 3648 --- [PAYROLL_MANAGEMENT_SYSTEM] [http-nio-8080-exec-5] org.hibernate.orm.jdbc.bind              : binding parameter (1:BIGINT) <- [2]
2025-10-20T00:19:43.976+05:30 DEBUG 3648 --- [PAYROLL_MANAGEMENT_SYSTEM] [http-nio-8080-exec-6] o.s.security.web.FilterChainProxy        : Securing POST /api/bank-admin/employees/2/status
2025-10-20T00:19:43.976+05:30  INFO 3648 --- [PAYROLL_MANAGEMENT_SYSTEM] [http-nio-8080-exec-6] c.p.security.JwtAuthenticationFilter     : 🔹 Incoming request: /api/bank-admin/employees/2/status
2025-10-20T00:19:43.984+05:30  INFO 3648 --- [PAYROLL_MANAGEMENT_SYSTEM] [http-nio-8080-exec-6] c.p.security.JwtAuthenticationFilter     : 🔹 Extracted username from JWT: null
2025-10-20T00:19:43.984+05:30 DEBUG 3648 --- [PAYROLL_MANAGEMENT_SYSTEM] [http-nio-8080-exec-6] o.s.s.w.a.AnonymousAuthenticationFilter  : Set SecurityContextHolder to anonymous SecurityContext
2025-10-20T00:19:43.995+05:30 DEBUG 3648 --- [PAYROLL_MANAGEMENT_SYSTEM] [http-nio-8080-exec-6] o.s.security.web.FilterChainProxy        : Securing POST /error
2025-10-20T00:19:43.995+05:30 DEBUG 3648 --- [PAYROLL_MANAGEMENT_SYSTEM] [http-nio-8080-exec-6] o.s.s.w.a.AnonymousAuthenticationFilter  : Set SecurityContextHolder to anonymous SecurityContext
2025-10-20T00:20:01.990+05:30 DEBUG 3648 --- [PAYROLL_MANAGEMENT_SYSTEM] [http-nio-8080-exec-7] o.s.security.web.FilterChainProxy        : Securing POST /api/bank-admin/employees/2/status
2025-10-20T00:20:01.990+05:30  INFO 3648 --- [PAYROLL_MANAGEMENT_SYSTEM] [http-nio-8080-exec-7] c.p.security.JwtAuthenticationFilter     : 🔹 Incoming request: /api/bank-admin/employees/2/status
2025-10-20T00:20:01.999+05:30  INFO 3648 --- [PAYROLL_MANAGEMENT_SYSTEM] [http-nio-8080-exec-7] c.p.security.JwtAuthenticationFilter     : 🔹 Extracted username from JWT: bankadmin1
2025-10-20T00:20:02.002+05:30 DEBUG 3648 --- [PAYROLL_MANAGEMENT_SYSTEM] [http-nio-8080-exec-7] org.hibernate.SQL                        : select u1_0.id,u1_0.email,u1_0.organization_id,u1_0.password,u1_0.role,u1_0.username from user u1_0 where u1_0.username=?
2025-10-20T00:20:02.004+05:30 TRACE 3648 --- [PAYROLL_MANAGEMENT_SYSTEM] [http-nio-8080-exec-7] org.hibernate.orm.jdbc.bind              : binding parameter (1:VARCHAR) <- [bankadmin1]
2025-10-20T00:20:02.004+05:30  INFO 3648 --- [PAYROLL_MANAGEMENT_SYSTEM] [http-nio-8080-exec-7] c.p.security.JwtAuthenticationFilter     : 🔹 Loaded user details for: bankadmin1
2025-10-20T00:20:02.007+05:30  INFO 3648 --- [PAYROLL_MANAGEMENT_SYSTEM] [http-nio-8080-exec-7] c.p.security.JwtAuthenticationFilter     : ✅ JWT validated successfully for bankadmin1
2025-10-20T00:20:02.007+05:30 DEBUG 3648 --- [PAYROLL_MANAGEMENT_SYSTEM] [http-nio-8080-exec-7] o.s.security.web.FilterChainProxy        : Secured POST /api/bank-admin/employees/2/status
2025-10-20T00:20:02.015+05:30 DEBUG 3648 --- [PAYROLL_MANAGEMENT_SYSTEM] [http-nio-8080-exec-7] horizationManagerBeforeMethodInterceptor : Authorizing method invocation ReflectiveMethodInvocation: public org.springframework.http.ResponseEntity com.project.controllers.BankAdminController.updateEmployeeStatus(java.lang.Long,com.project.dto.EmployeeStatusRequest); target is of class [com.project.controllers.BankAdminController]
2025-10-20T00:20:02.015+05:30 DEBUG 3648 --- [PAYROLL_MANAGEMENT_SYSTEM] [http-nio-8080-exec-7] horizationManagerBeforeMethodInterceptor : Authorized method invocation ReflectiveMethodInvocation: public org.springframework.http.ResponseEntity com.project.controllers.BankAdminController.updateEmployeeStatus(java.lang.Long,com.project.dto.EmployeeStatusRequest); target is of class [com.project.controllers.BankAdminController]
2025-10-20T00:20:02.023+05:30 DEBUG 3648 --- [PAYROLL_MANAGEMENT_SYSTEM] [http-nio-8080-exec-7] org.hibernate.SQL                        : select e1_0.id,e1_0.account_number,e1_0.bank_name,e1_0.department,e1_0.designation,e1_0.document_url,e1_0.email,e1_0.full_name,e1_0.ifsc_code,e1_0.organization_id,o1_0.id,o1_0.address,o1_0.bank_id,b1_0.id,b1_0.bank_name,b1_0.branch,b1_0.contact_number,o1_0.contact_email,o1_0.contact_phone,o1_0.document_url,o1_0.org_name,o1_0.registration_number,o1_0.verification_status,vb1_0.id,vb1_0.bank_id,vb1_0.contact_number,vb1_0.email,vb1_0.name,vb1_0.password,vb1_0.user_id,e1_0.password,ss1_0.id,ss1_0.allowances,ss1_0.basic,ss1_0.da,ss1_0.employee_id,e2_0.id,e2_0.account_number,e2_0.bank_name,e2_0.department,e2_0.designation,e2_0.document_url,e2_0.email,e2_0.full_name,e2_0.ifsc_code,e2_0.organization_id,e2_0.password,e2_0.salary_structure_id,e2_0.username,e2_0.verification_status,ss1_0.hra,ss1_0.net_salary,ss1_0.pf,e1_0.username,e1_0.verification_status from employee e1_0 join organizations o1_0 on o1_0.id=e1_0.organization_id join bank b1_0 on b1_0.id=o1_0.bank_id left join bank_admin vb1_0 on vb1_0.id=o1_0.bank_admin_id left join salary_structures ss1_0 on ss1_0.id=e1_0.salary_structure_id left join employee e2_0 on e2_0.id=ss1_0.employee_id where e1_0.id=?
2025-10-20T00:20:02.023+05:30 TRACE 3648 --- [PAYROLL_MANAGEMENT_SYSTEM] [http-nio-8080-exec-7] org.hibernate.orm.jdbc.bind              : binding parameter (1:BIGINT) <- [2]
2025-10-20T00:20:02.026+05:30 DEBUG 3648 --- [PAYROLL_MANAGEMENT_SYSTEM] [http-nio-8080-exec-7] org.hibernate.SQL                        : select ba1_0.id,b1_0.id,b1_0.bank_name,b1_0.branch,b1_0.contact_number,ba1_0.contact_number,ba1_0.email,ba1_0.name,ba1_0.password,u1_0.id,u1_0.email,o1_0.id,o1_0.address,o1_0.bank_id,o1_0.contact_email,o1_0.contact_phone,o1_0.document_url,o1_0.org_name,o1_0.registration_number,o1_0.verification_status,o1_0.bank_admin_id,u1_0.password,u1_0.role,u1_0.username from bank_admin ba1_0 left join bank b1_0 on b1_0.id=ba1_0.bank_id left join user u1_0 on u1_0.id=ba1_0.user_id left join organizations o1_0 on o1_0.id=u1_0.organization_id where ba1_0.bank_id=?
2025-10-20T00:20:02.026+05:30 TRACE 3648 --- [PAYROLL_MANAGEMENT_SYSTEM] [http-nio-8080-exec-7] org.hibernate.orm.jdbc.bind              : binding parameter (1:BIGINT) <- [1]
2025-10-20T00:20:02.151+05:30 DEBUG 3648 --- [PAYROLL_MANAGEMENT_SYSTEM] [http-nio-8080-exec-7] org.hibernate.SQL                        : select u1_0.id,u1_0.email,u1_0.organization_id,u1_0.password,u1_0.role,u1_0.username from user u1_0 where u1_0.username=?
2025-10-20T00:20:02.153+05:30 TRACE 3648 --- [PAYROLL_MANAGEMENT_SYSTEM] [http-nio-8080-exec-7] org.hibernate.orm.jdbc.bind              : binding parameter (1:VARCHAR) <- [marvel2]
2025-10-20T00:20:02.156+05:30 DEBUG 3648 --- [PAYROLL_MANAGEMENT_SYSTEM] [http-nio-8080-exec-7] org.hibernate.SQL                        : insert into user (email,organization_id,password,role,username) values (?,?,?,?,?)
2025-10-20T00:20:02.158+05:30 TRACE 3648 --- [PAYROLL_MANAGEMENT_SYSTEM] [http-nio-8080-exec-7] org.hibernate.orm.jdbc.bind              : binding parameter (1:VARCHAR) <- [beastimmortal81@gmail.com]
2025-10-20T00:20:02.158+05:30 TRACE 3648 --- [PAYROLL_MANAGEMENT_SYSTEM] [http-nio-8080-exec-7] org.hibernate.orm.jdbc.bind              : binding parameter (2:BIGINT) <- [1]
2025-10-20T00:20:02.158+05:30 TRACE 3648 --- [PAYROLL_MANAGEMENT_SYSTEM] [http-nio-8080-exec-7] org.hibernate.orm.jdbc.bind              : binding parameter (3:VARCHAR) <- [$2a$10$j6xdQNFdltlUUPNsMPhGcOF5h5pF00Kpr1Nl0bB9n8QTO5VBK/D/e]
2025-10-20T00:20:02.158+05:30 TRACE 3648 --- [PAYROLL_MANAGEMENT_SYSTEM] [http-nio-8080-exec-7] org.hibernate.orm.jdbc.bind              : binding parameter (4:VARCHAR) <- [ROLE_EMPLOYEE]
2025-10-20T00:20:02.158+05:30 TRACE 3648 --- [PAYROLL_MANAGEMENT_SYSTEM] [http-nio-8080-exec-7] org.hibernate.orm.jdbc.bind              : binding parameter (5:VARCHAR) <- [marvel2]
2025-10-20T00:20:02.161+05:30 DEBUG 3648 --- [PAYROLL_MANAGEMENT_SYSTEM] [http-nio-8080-exec-7] org.hibernate.SQL                        : update employee set account_number=?,bank_name=?,department=?,designation=?,document_url=?,email=?,full_name=?,ifsc_code=?,organization_id=?,password=?,salary_structure_id=?,username=?,verification_status=? where id=?
2025-10-20T00:20:02.161+05:30 TRACE 3648 --- [PAYROLL_MANAGEMENT_SYSTEM] [http-nio-8080-exec-7] org.hibernate.orm.jdbc.bind              : binding parameter (1:VARCHAR) <- [9976544410]
2025-10-20T00:20:02.161+05:30 TRACE 3648 --- [PAYROLL_MANAGEMENT_SYSTEM] [http-nio-8080-exec-7] org.hibernate.orm.jdbc.bind              : binding parameter (2:VARCHAR) <- [National Bank of India]
2025-10-20T00:20:02.161+05:30 TRACE 3648 --- [PAYROLL_MANAGEMENT_SYSTEM] [http-nio-8080-exec-7] org.hibernate.orm.jdbc.bind              : binding parameter (3:VARCHAR) <- [IT]
2025-10-20T00:20:02.161+05:30 TRACE 3648 --- [PAYROLL_MANAGEMENT_SYSTEM] [http-nio-8080-exec-7] org.hibernate.orm.jdbc.bind              : binding parameter (4:VARCHAR) <- [Developer]
2025-10-20T00:20:02.161+05:30 TRACE 3648 --- [PAYROLL_MANAGEMENT_SYSTEM] [http-nio-8080-exec-7] org.hibernate.orm.jdbc.bind              : binding parameter (5:VARCHAR) <- [https://res.cloudinary.com/dftrdgj0r/raw/upload/v1760899752/employee_docs/ylylg7xn7jtzgfamrzpq]
2025-10-20T00:20:02.161+05:30 TRACE 3648 --- [PAYROLL_MANAGEMENT_SYSTEM] [http-nio-8080-exec-7] org.hibernate.orm.jdbc.bind              : binding parameter (6:VARCHAR) <- [beastimmortal81@gmail.com]
2025-10-20T00:20:02.161+05:30 TRACE 3648 --- [PAYROLL_MANAGEMENT_SYSTEM] [http-nio-8080-exec-7] org.hibernate.orm.jdbc.bind              : binding parameter (7:VARCHAR) <- [Marvel2]
2025-10-20T00:20:02.161+05:30 TRACE 3648 --- [PAYROLL_MANAGEMENT_SYSTEM] [http-nio-8080-exec-7] org.hibernate.orm.jdbc.bind              : binding parameter (8:VARCHAR) <- [NBOI0001234]
2025-10-20T00:20:02.161+05:30 TRACE 3648 --- [PAYROLL_MANAGEMENT_SYSTEM] [http-nio-8080-exec-7] org.hibernate.orm.jdbc.bind              : binding parameter (9:BIGINT) <- [1]
2025-10-20T00:20:02.161+05:30 TRACE 3648 --- [PAYROLL_MANAGEMENT_SYSTEM] [http-nio-8080-exec-7] org.hibernate.orm.jdbc.bind              : binding parameter (10:VARCHAR) <- [$2a$10$j6xdQNFdltlUUPNsMPhGcOF5h5pF00Kpr1Nl0bB9n8QTO5VBK/D/e]
2025-10-20T00:20:02.161+05:30 TRACE 3648 --- [PAYROLL_MANAGEMENT_SYSTEM] [http-nio-8080-exec-7] org.hibernate.orm.jdbc.bind              : binding parameter (11:BIGINT) <- [2]
2025-10-20T00:20:02.161+05:30 TRACE 3648 --- [PAYROLL_MANAGEMENT_SYSTEM] [http-nio-8080-exec-7] org.hibernate.orm.jdbc.bind              : binding parameter (12:VARCHAR) <- [marvel2]
2025-10-20T00:20:02.161+05:30 TRACE 3648 --- [PAYROLL_MANAGEMENT_SYSTEM] [http-nio-8080-exec-7] org.hibernate.orm.jdbc.bind              : binding parameter (13:ENUM) <- [APPROVED]
2025-10-20T00:20:02.161+05:30 TRACE 3648 --- [PAYROLL_MANAGEMENT_SYSTEM] [http-nio-8080-exec-7] org.hibernate.orm.jdbc.bind              : binding parameter (14:BIGINT) <- [2]
2025-10-20T00:20:07.128+05:30 DEBUG 3648 --- [PAYROLL_MANAGEMENT_SYSTEM] [http-nio-8080-exec-7] org.hibernate.SQL                        : select sp1_0.employee_id,sp1_0.id,sp1_0.amount,sp1_0.organization_id,o1_0.id,o1_0.address,o1_0.bank_id,b1_0.id,b1_0.bank_name,b1_0.branch,b1_0.contact_number,o1_0.contact_email,o1_0.contact_phone,o1_0.document_url,o1_0.org_name,o1_0.registration_number,o1_0.verification_status,vb1_0.id,vb1_0.bank_id,vb1_0.contact_number,vb1_0.email,vb1_0.name,vb1_0.password,vb1_0.user_id,sp1_0.payment_date,sp1_0.remarks,sp1_0.salary_month,sp1_0.status,vb2_0.id,b3_0.id,b3_0.bank_name,b3_0.branch,b3_0.contact_number,vb2_0.contact_number,vb2_0.email,vb2_0.name,vb2_0.password,u2_0.id,u2_0.email,u2_0.organization_id,u2_0.password,u2_0.role,u2_0.username from salary_payments sp1_0 left join organizations o1_0 on o1_0.id=sp1_0.organization_id left join bank b1_0 on b1_0.id=o1_0.bank_id left join bank_admin vb1_0 on vb1_0.id=o1_0.bank_admin_id left join bank_admin vb2_0 on vb2_0.id=sp1_0.verified_by_admin_id left join bank b3_0 on b3_0.id=vb2_0.bank_id left join user u2_0 on u2_0.id=vb2_0.user_id where sp1_0.employee_id=?
2025-10-20T00:20:07.128+05:30 TRACE 3648 --- [PAYROLL_MANAGEMENT_SYSTEM] [http-nio-8080-exec-7] org.hibernate.orm.jdbc.bind              : binding parameter (1:BIGINT) <- [2]
2025-10-20T00:20:07.135+05:30 DEBUG 3648 --- [PAYROLL_MANAGEMENT_SYSTEM] [http-nio-8080-exec-7] org.hibernate.SQL                        : select c1_0.raised_by_employee_id,c1_0.id,c1_0.created_at,hb1_0.id,b1_0.id,b1_0.bank_name,b1_0.branch,b1_0.contact_number,hb1_0.contact_number,hb1_0.email,hb1_0.name,hb1_0.password,u1_0.id,u1_0.email,u1_0.organization_id,u1_0.password,u1_0.role,u1_0.username,c1_0.message,rbo1_0.id,rbo1_0.address,rbo1_0.bank_id,b2_0.id,b2_0.bank_name,b2_0.branch,b2_0.contact_number,rbo1_0.contact_email,rbo1_0.contact_phone,rbo1_0.document_url,rbo1_0.org_name,rbo1_0.registration_number,rbo1_0.verification_status,vb1_0.id,vb1_0.bank_id,vb1_0.contact_number,vb1_0.email,vb1_0.name,vb1_0.password,vb1_0.user_id,c1_0.resolution_remarks,c1_0.resolved_at,c1_0.status,c1_0.subject from concerns c1_0 left join bank_admin hb1_0 on hb1_0.id=c1_0.handled_by_admin_id left join bank b1_0 on b1_0.id=hb1_0.bank_id left join user u1_0 on u1_0.id=hb1_0.user_id left join organizations rbo1_0 on rbo1_0.id=c1_0.raised_by_organization_id left join bank b2_0 on b2_0.id=rbo1_0.bank_id left join bank_admin vb1_0 on vb1_0.id=rbo1_0.bank_admin_id where c1_0.raised_by_employee_id=?
2025-10-20T00:20:07.137+05:30 TRACE 3648 --- [PAYROLL_MANAGEMENT_SYSTEM] [http-nio-8080-exec-7] org.hibernate.orm.jdbc.bind              : binding parameter (1:BIGINT) <- [2]
2025-10-20T00:20:47.502+05:30 DEBUG 3648 --- [PAYROLL_MANAGEMENT_SYSTEM] [http-nio-8080-exec-8] o.s.security.web.FilterChainProxy        : Securing POST /api/auth/login
2025-10-20T00:20:47.502+05:30  INFO 3648 --- [PAYROLL_MANAGEMENT_SYSTEM] [http-nio-8080-exec-8] c.p.security.JwtAuthenticationFilter     : 🔹 Incoming request: /api/auth/login
2025-10-20T00:20:47.502+05:30 DEBUG 3648 --- [PAYROLL_MANAGEMENT_SYSTEM] [http-nio-8080-exec-8] o.s.s.w.a.AnonymousAuthenticationFilter  : Set SecurityContextHolder to anonymous SecurityContext
2025-10-20T00:20:47.502+05:30 DEBUG 3648 --- [PAYROLL_MANAGEMENT_SYSTEM] [http-nio-8080-exec-8] o.s.security.web.FilterChainProxy        : Secured POST /api/auth/login
2025-10-20T00:20:47.507+05:30 DEBUG 3648 --- [PAYROLL_MANAGEMENT_SYSTEM] [http-nio-8080-exec-8] org.hibernate.SQL                        : select u1_0.id,u1_0.email,u1_0.organization_id,u1_0.password,u1_0.role,u1_0.username from user u1_0 where u1_0.username=?
2025-10-20T00:20:47.507+05:30 TRACE 3648 --- [PAYROLL_MANAGEMENT_SYSTEM] [http-nio-8080-exec-8] org.hibernate.orm.jdbc.bind              : binding parameter (1:VARCHAR) <- [marvel2]
2025-10-20T00:20:47.510+05:30 DEBUG 3648 --- [PAYROLL_MANAGEMENT_SYSTEM] [http-nio-8080-exec-8] org.hibernate.SQL                        : select o1_0.id,o1_0.address,o1_0.bank_id,b1_0.id,ba1_0.id,ba1_0.contact_number,ba1_0.email,ba1_0.name,ba1_0.password,ba1_0.user_id,b1_0.bank_name,b1_0.branch,b1_0.contact_number,o1_0.contact_email,o1_0.contact_phone,o1_0.document_url,o1_0.org_name,o1_0.registration_number,o1_0.verification_status,vb1_0.id,b2_0.id,b2_0.bank_name,b2_0.branch,b2_0.contact_number,vb1_0.contact_number,vb1_0.email,vb1_0.name,vb1_0.password,u2_0.id,u2_0.email,u2_0.organization_id,u2_0.password,u2_0.role,u2_0.username from organizations o1_0 join bank b1_0 on b1_0.id=o1_0.bank_id left join bank_admin ba1_0 on b1_0.id=ba1_0.bank_id left join bank_admin vb1_0 on vb1_0.id=o1_0.bank_admin_id left join bank b2_0 on b2_0.id=vb1_0.bank_id left join user u2_0 on u2_0.id=vb1_0.user_id where o1_0.id=?
2025-10-20T00:20:47.510+05:30 TRACE 3648 --- [PAYROLL_MANAGEMENT_SYSTEM] [http-nio-8080-exec-8] org.hibernate.orm.jdbc.bind              : binding parameter (1:BIGINT) <- [1]
2025-10-20T00:20:47.514+05:30 DEBUG 3648 --- [PAYROLL_MANAGEMENT_SYSTEM] [http-nio-8080-exec-8] org.hibernate.SQL                        : select u1_0.id,u1_0.email,u1_0.organization_id,u1_0.password,u1_0.role,u1_0.username from user u1_0 where u1_0.username=?
2025-10-20T00:20:47.514+05:30 TRACE 3648 --- [PAYROLL_MANAGEMENT_SYSTEM] [http-nio-8080-exec-8] org.hibernate.orm.jdbc.bind              : binding parameter (1:VARCHAR) <- [marvel2]
2025-10-20T00:20:47.665+05:30 DEBUG 3648 --- [PAYROLL_MANAGEMENT_SYSTEM] [http-nio-8080-exec-8] o.s.s.a.dao.DaoAuthenticationProvider    : Failed to authenticate since password does not match stored value
2025-10-20T00:20:47.718+05:30 DEBUG 3648 --- [PAYROLL_MANAGEMENT_SYSTEM] [http-nio-8080-exec-8] o.s.s.authentication.ProviderManager     : Authentication failed with provider DaoAuthenticationProvider since Bad credentials
2025-10-20T00:20:56.119+05:30 DEBUG 3648 --- [PAYROLL_MANAGEMENT_SYSTEM] [http-nio-8080-exec-9] o.s.security.web.FilterChainProxy        : Securing POST /api/auth/login
2025-10-20T00:20:56.123+05:30  INFO 3648 --- [PAYROLL_MANAGEMENT_SYSTEM] [http-nio-8080-exec-9] c.p.security.JwtAuthenticationFilter     : 🔹 Incoming request: /api/auth/login
2025-10-20T00:20:56.123+05:30 DEBUG 3648 --- [PAYROLL_MANAGEMENT_SYSTEM] [http-nio-8080-exec-9] o.s.s.w.a.AnonymousAuthenticationFilter  : Set SecurityContextHolder to anonymous SecurityContext
2025-10-20T00:20:56.123+05:30 DEBUG 3648 --- [PAYROLL_MANAGEMENT_SYSTEM] [http-nio-8080-exec-9] o.s.security.web.FilterChainProxy        : Secured POST /api/auth/login
2025-10-20T00:20:56.124+05:30 DEBUG 3648 --- [PAYROLL_MANAGEMENT_SYSTEM] [http-nio-8080-exec-9] org.hibernate.SQL                        : select u1_0.id,u1_0.email,u1_0.organization_id,u1_0.password,u1_0.role,u1_0.username from user u1_0 where u1_0.username=?
2025-10-20T00:20:56.124+05:30 TRACE 3648 --- [PAYROLL_MANAGEMENT_SYSTEM] [http-nio-8080-exec-9] org.hibernate.orm.jdbc.bind              : binding parameter (1:VARCHAR) <- [marvel2]
2025-10-20T00:20:56.124+05:30 DEBUG 3648 --- [PAYROLL_MANAGEMENT_SYSTEM] [http-nio-8080-exec-9] org.hibernate.SQL                        : select o1_0.id,o1_0.address,o1_0.bank_id,b1_0.id,ba1_0.id,ba1_0.contact_number,ba1_0.email,ba1_0.name,ba1_0.password,ba1_0.user_id,b1_0.bank_name,b1_0.branch,b1_0.contact_number,o1_0.contact_email,o1_0.contact_phone,o1_0.document_url,o1_0.org_name,o1_0.registration_number,o1_0.verification_status,vb1_0.id,b2_0.id,b2_0.bank_name,b2_0.branch,b2_0.contact_number,vb1_0.contact_number,vb1_0.email,vb1_0.name,vb1_0.password,u2_0.id,u2_0.email,u2_0.organization_id,u2_0.password,u2_0.role,u2_0.username from organizations o1_0 join bank b1_0 on b1_0.id=o1_0.bank_id left join bank_admin ba1_0 on b1_0.id=ba1_0.bank_id left join bank_admin vb1_0 on vb1_0.id=o1_0.bank_admin_id left join bank b2_0 on b2_0.id=vb1_0.bank_id left join user u2_0 on u2_0.id=vb1_0.user_id where o1_0.id=?
2025-10-20T00:20:56.124+05:30 TRACE 3648 --- [PAYROLL_MANAGEMENT_SYSTEM] [http-nio-8080-exec-9] org.hibernate.orm.jdbc.bind              : binding parameter (1:BIGINT) <- [1]
2025-10-20T00:20:56.138+05:30 DEBUG 3648 --- [PAYROLL_MANAGEMENT_SYSTEM] [http-nio-8080-exec-9] org.hibernate.SQL                        : select u1_0.id,u1_0.email,u1_0.organization_id,u1_0.password,u1_0.role,u1_0.username from user u1_0 where u1_0.username=?
2025-10-20T00:20:56.138+05:30 TRACE 3648 --- [PAYROLL_MANAGEMENT_SYSTEM] [http-nio-8080-exec-9] org.hibernate.orm.jdbc.bind              : binding parameter (1:VARCHAR) <- [marvel2]
2025-10-20T00:20:56.254+05:30 DEBUG 3648 --- [PAYROLL_MANAGEMENT_SYSTEM] [http-nio-8080-exec-9] o.s.s.a.dao.DaoAuthenticationProvider    : Authenticated user
2025-10-20T00:21:31.503+05:30 DEBUG 3648 --- [PAYROLL_MANAGEMENT_SYSTEM] [http-nio-8080-exec-10] o.s.security.web.FilterChainProxy        : Securing POST /api/employees/change-password
2025-10-20T00:21:31.503+05:30  INFO 3648 --- [PAYROLL_MANAGEMENT_SYSTEM] [http-nio-8080-exec-10] c.p.security.JwtAuthenticationFilter     : 🔹 Incoming request: /api/employees/change-password
2025-10-20T00:21:31.507+05:30  INFO 3648 --- [PAYROLL_MANAGEMENT_SYSTEM] [http-nio-8080-exec-10] c.p.security.JwtAuthenticationFilter     : 🔹 Extracted username from JWT: marvel2
2025-10-20T00:21:31.509+05:30 DEBUG 3648 --- [PAYROLL_MANAGEMENT_SYSTEM] [http-nio-8080-exec-10] org.hibernate.SQL                        : select u1_0.id,u1_0.email,u1_0.organization_id,u1_0.password,u1_0.role,u1_0.username from user u1_0 where u1_0.username=?
2025-10-20T00:21:31.509+05:30 TRACE 3648 --- [PAYROLL_MANAGEMENT_SYSTEM] [http-nio-8080-exec-10] org.hibernate.orm.jdbc.bind              : binding parameter (1:VARCHAR) <- [marvel2]
2025-10-20T00:21:31.511+05:30 DEBUG 3648 --- [PAYROLL_MANAGEMENT_SYSTEM] [http-nio-8080-exec-10] org.hibernate.SQL                        : select o1_0.id,o1_0.address,o1_0.bank_id,b1_0.id,ba1_0.id,ba1_0.contact_number,ba1_0.email,ba1_0.name,ba1_0.password,ba1_0.user_id,b1_0.bank_name,b1_0.branch,b1_0.contact_number,o1_0.contact_email,o1_0.contact_phone,o1_0.document_url,o1_0.org_name,o1_0.registration_number,o1_0.verification_status,vb1_0.id,b2_0.id,b2_0.bank_name,b2_0.branch,b2_0.contact_number,vb1_0.contact_number,vb1_0.email,vb1_0.name,vb1_0.password,u2_0.id,u2_0.email,u2_0.organization_id,u2_0.password,u2_0.role,u2_0.username from organizations o1_0 join bank b1_0 on b1_0.id=o1_0.bank_id left join bank_admin ba1_0 on b1_0.id=ba1_0.bank_id left join bank_admin vb1_0 on vb1_0.id=o1_0.bank_admin_id left join bank b2_0 on b2_0.id=vb1_0.bank_id left join user u2_0 on u2_0.id=vb1_0.user_id where o1_0.id=?
2025-10-20T00:21:31.511+05:30 TRACE 3648 --- [PAYROLL_MANAGEMENT_SYSTEM] [http-nio-8080-exec-10] org.hibernate.orm.jdbc.bind              : binding parameter (1:BIGINT) <- [1]
2025-10-20T00:21:31.516+05:30  INFO 3648 --- [PAYROLL_MANAGEMENT_SYSTEM] [http-nio-8080-exec-10] c.p.security.JwtAuthenticationFilter     : 🔹 Loaded user details for: marvel2
2025-10-20T00:21:31.520+05:30  INFO 3648 --- [PAYROLL_MANAGEMENT_SYSTEM] [http-nio-8080-exec-10] c.p.security.JwtAuthenticationFilter     : ✅ JWT validated successfully for marvel2
2025-10-20T00:21:31.522+05:30 DEBUG 3648 --- [PAYROLL_MANAGEMENT_SYSTEM] [http-nio-8080-exec-10] o.s.security.web.FilterChainProxy        : Secured POST /api/employees/change-password
2025-10-20T00:21:31.529+05:30 DEBUG 3648 --- [PAYROLL_MANAGEMENT_SYSTEM] [http-nio-8080-exec-10] org.hibernate.SQL                        : select e1_0.id,e1_0.account_number,e1_0.bank_name,e1_0.department,e1_0.designation,e1_0.document_url,e1_0.email,e1_0.full_name,e1_0.ifsc_code,e1_0.organization_id,e1_0.password,e1_0.salary_structure_id,e1_0.username,e1_0.verification_status from employee e1_0 where e1_0.username=?
2025-10-20T00:21:31.531+05:30 TRACE 3648 --- [PAYROLL_MANAGEMENT_SYSTEM] [http-nio-8080-exec-10] org.hibernate.orm.jdbc.bind              : binding parameter (1:VARCHAR) <- [marvel2]
2025-10-20T00:21:31.533+05:30 DEBUG 3648 --- [PAYROLL_MANAGEMENT_SYSTEM] [http-nio-8080-exec-10] org.hibernate.SQL                        : select o1_0.id,o1_0.address,o1_0.bank_id,b1_0.id,ba1_0.id,ba1_0.contact_number,ba1_0.email,ba1_0.name,ba1_0.password,ba1_0.user_id,b1_0.bank_name,b1_0.branch,b1_0.contact_number,o1_0.contact_email,o1_0.contact_phone,o1_0.document_url,o1_0.org_name,o1_0.registration_number,o1_0.verification_status,vb1_0.id,b2_0.id,b2_0.bank_name,b2_0.branch,b2_0.contact_number,vb1_0.contact_number,vb1_0.email,vb1_0.name,vb1_0.password,u2_0.id,u2_0.email,u2_0.organization_id,u2_0.password,u2_0.role,u2_0.username from organizations o1_0 join bank b1_0 on b1_0.id=o1_0.bank_id left join bank_admin ba1_0 on b1_0.id=ba1_0.bank_id left join bank_admin vb1_0 on vb1_0.id=o1_0.bank_admin_id left join bank b2_0 on b2_0.id=vb1_0.bank_id left join user u2_0 on u2_0.id=vb1_0.user_id where o1_0.id=?
2025-10-20T00:21:31.533+05:30 TRACE 3648 --- [PAYROLL_MANAGEMENT_SYSTEM] [http-nio-8080-exec-10] org.hibernate.orm.jdbc.bind              : binding parameter (1:BIGINT) <- [1]
2025-10-20T00:21:31.534+05:30 DEBUG 3648 --- [PAYROLL_MANAGEMENT_SYSTEM] [http-nio-8080-exec-10] org.hibernate.SQL                        : select ss1_0.id,ss1_0.allowances,ss1_0.basic,ss1_0.da,ss1_0.employee_id,e1_0.id,e1_0.account_number,e1_0.bank_name,e1_0.department,e1_0.designation,e1_0.document_url,e1_0.email,e1_0.full_name,e1_0.ifsc_code,e1_0.organization_id,o1_0.id,o1_0.address,o1_0.bank_id,o1_0.contact_email,o1_0.contact_phone,o1_0.document_url,o1_0.org_name,o1_0.registration_number,o1_0.verification_status,o1_0.bank_admin_id,e1_0.password,ss2_0.id,ss2_0.allowances,ss2_0.basic,ss2_0.da,ss2_0.employee_id,ss2_0.hra,ss2_0.net_salary,ss2_0.pf,e1_0.username,e1_0.verification_status,ss1_0.hra,ss1_0.net_salary,ss1_0.pf from salary_structures ss1_0 join employee e1_0 on e1_0.id=ss1_0.employee_id join organizations o1_0 on o1_0.id=e1_0.organization_id left join salary_structures ss2_0 on ss2_0.id=e1_0.salary_structure_id where ss1_0.id=?
2025-10-20T00:21:31.536+05:30 TRACE 3648 --- [PAYROLL_MANAGEMENT_SYSTEM] [http-nio-8080-exec-10] org.hibernate.orm.jdbc.bind              : binding parameter (1:BIGINT) <- [2]
2025-10-20T00:21:31.772+05:30 DEBUG 3648 --- [PAYROLL_MANAGEMENT_SYSTEM] [http-nio-8080-exec-10] org.hibernate.SQL                        : update employee set account_number=?,bank_name=?,department=?,designation=?,document_url=?,email=?,full_name=?,ifsc_code=?,organization_id=?,password=?,salary_structure_id=?,username=?,verification_status=? where id=?
2025-10-20T00:21:31.774+05:30 TRACE 3648 --- [PAYROLL_MANAGEMENT_SYSTEM] [http-nio-8080-exec-10] org.hibernate.orm.jdbc.bind              : binding parameter (1:VARCHAR) <- [9976544410]
2025-10-20T00:21:31.774+05:30 TRACE 3648 --- [PAYROLL_MANAGEMENT_SYSTEM] [http-nio-8080-exec-10] org.hibernate.orm.jdbc.bind              : binding parameter (2:VARCHAR) <- [National Bank of India]
2025-10-20T00:21:31.774+05:30 TRACE 3648 --- [PAYROLL_MANAGEMENT_SYSTEM] [http-nio-8080-exec-10] org.hibernate.orm.jdbc.bind              : binding parameter (3:VARCHAR) <- [IT]
2025-10-20T00:21:31.774+05:30 TRACE 3648 --- [PAYROLL_MANAGEMENT_SYSTEM] [http-nio-8080-exec-10] org.hibernate.orm.jdbc.bind              : binding parameter (4:VARCHAR) <- [Developer]
2025-10-20T00:21:31.774+05:30 TRACE 3648 --- [PAYROLL_MANAGEMENT_SYSTEM] [http-nio-8080-exec-10] org.hibernate.orm.jdbc.bind              : binding parameter (5:VARCHAR) <- [https://res.cloudinary.com/dftrdgj0r/raw/upload/v1760899752/employee_docs/ylylg7xn7jtzgfamrzpq]
2025-10-20T00:21:31.774+05:30 TRACE 3648 --- [PAYROLL_MANAGEMENT_SYSTEM] [http-nio-8080-exec-10] org.hibernate.orm.jdbc.bind              : binding parameter (6:VARCHAR) <- [beastimmortal81@gmail.com]
2025-10-20T00:21:31.774+05:30 TRACE 3648 --- [PAYROLL_MANAGEMENT_SYSTEM] [http-nio-8080-exec-10] org.hibernate.orm.jdbc.bind              : binding parameter (7:VARCHAR) <- [Marvel2]
2025-10-20T00:21:31.774+05:30 TRACE 3648 --- [PAYROLL_MANAGEMENT_SYSTEM] [http-nio-8080-exec-10] org.hibernate.orm.jdbc.bind              : binding parameter (8:VARCHAR) <- [NBOI0001234]
2025-10-20T00:21:31.774+05:30 TRACE 3648 --- [PAYROLL_MANAGEMENT_SYSTEM] [http-nio-8080-exec-10] org.hibernate.orm.jdbc.bind              : binding parameter (9:BIGINT) <- [1]
2025-10-20T00:21:31.774+05:30 TRACE 3648 --- [PAYROLL_MANAGEMENT_SYSTEM] [http-nio-8080-exec-10] org.hibernate.orm.jdbc.bind              : binding parameter (10:VARCHAR) <- [$2a$10$rrLtdGzlc25vYrl.eTa5f.DDZ0w4q5aAA4x60gYbsh77Wqjg26xMm]
2025-10-20T00:21:31.774+05:30 TRACE 3648 --- [PAYROLL_MANAGEMENT_SYSTEM] [http-nio-8080-exec-10] org.hibernate.orm.jdbc.bind              : binding parameter (11:BIGINT) <- [2]
2025-10-20T00:21:31.774+05:30 TRACE 3648 --- [PAYROLL_MANAGEMENT_SYSTEM] [http-nio-8080-exec-10] org.hibernate.orm.jdbc.bind              : binding parameter (12:VARCHAR) <- [marvel2]
2025-10-20T00:21:31.774+05:30 TRACE 3648 --- [PAYROLL_MANAGEMENT_SYSTEM] [http-nio-8080-exec-10] org.hibernate.orm.jdbc.bind              : binding parameter (13:ENUM) <- [APPROVED]
2025-10-20T00:21:31.774+05:30 TRACE 3648 --- [PAYROLL_MANAGEMENT_SYSTEM] [http-nio-8080-exec-10] org.hibernate.orm.jdbc.bind              : binding parameter (14:BIGINT) <- [2]
2025-10-20T00:21:37.555+05:30 DEBUG 3648 --- [PAYROLL_MANAGEMENT_SYSTEM] [http-nio-8080-exec-10] org.hibernate.SQL                        : select sp1_0.employee_id,sp1_0.id,sp1_0.amount,sp1_0.organization_id,o1_0.id,o1_0.address,o1_0.bank_id,b1_0.id,b1_0.bank_name,b1_0.branch,b1_0.contact_number,o1_0.contact_email,o1_0.contact_phone,o1_0.document_url,o1_0.org_name,o1_0.registration_number,o1_0.verification_status,vb1_0.id,vb1_0.bank_id,vb1_0.contact_number,vb1_0.email,vb1_0.name,vb1_0.password,vb1_0.user_id,sp1_0.payment_date,sp1_0.remarks,sp1_0.salary_month,sp1_0.status,vb2_0.id,b3_0.id,b3_0.bank_name,b3_0.branch,b3_0.contact_number,vb2_0.contact_number,vb2_0.email,vb2_0.name,vb2_0.password,u2_0.id,u2_0.email,u2_0.organization_id,u2_0.password,u2_0.role,u2_0.username from salary_payments sp1_0 left join organizations o1_0 on o1_0.id=sp1_0.organization_id left join bank b1_0 on b1_0.id=o1_0.bank_id left join bank_admin vb1_0 on vb1_0.id=o1_0.bank_admin_id left join bank_admin vb2_0 on vb2_0.id=sp1_0.verified_by_admin_id left join bank b3_0 on b3_0.id=vb2_0.bank_id left join user u2_0 on u2_0.id=vb2_0.user_id where sp1_0.employee_id=?
2025-10-20T00:21:37.555+05:30 TRACE 3648 --- [PAYROLL_MANAGEMENT_SYSTEM] [http-nio-8080-exec-10] org.hibernate.orm.jdbc.bind              : binding parameter (1:BIGINT) <- [2]
2025-10-20T00:21:37.558+05:30 DEBUG 3648 --- [PAYROLL_MANAGEMENT_SYSTEM] [http-nio-8080-exec-10] org.hibernate.SQL                        : select c1_0.raised_by_employee_id,c1_0.id,c1_0.created_at,hb1_0.id,b1_0.id,b1_0.bank_name,b1_0.branch,b1_0.contact_number,hb1_0.contact_number,hb1_0.email,hb1_0.name,hb1_0.password,u1_0.id,u1_0.email,u1_0.organization_id,u1_0.password,u1_0.role,u1_0.username,c1_0.message,rbo1_0.id,rbo1_0.address,rbo1_0.bank_id,b2_0.id,b2_0.bank_name,b2_0.branch,b2_0.contact_number,rbo1_0.contact_email,rbo1_0.contact_phone,rbo1_0.document_url,rbo1_0.org_name,rbo1_0.registration_number,rbo1_0.verification_status,vb1_0.id,vb1_0.bank_id,vb1_0.contact_number,vb1_0.email,vb1_0.name,vb1_0.password,vb1_0.user_id,c1_0.resolution_remarks,c1_0.resolved_at,c1_0.status,c1_0.subject from concerns c1_0 left join bank_admin hb1_0 on hb1_0.id=c1_0.handled_by_admin_id left join bank b1_0 on b1_0.id=hb1_0.bank_id left join user u1_0 on u1_0.id=hb1_0.user_id left join organizations rbo1_0 on rbo1_0.id=c1_0.raised_by_organization_id left join bank b2_0 on b2_0.id=rbo1_0.bank_id left join bank_admin vb1_0 on vb1_0.id=rbo1_0.bank_admin_id where c1_0.raised_by_employee_id=?
2025-10-20T00:21:37.558+05:30 TRACE 3648 --- [PAYROLL_MANAGEMENT_SYSTEM] [http-nio-8080-exec-10] org.hibernate.orm.jdbc.bind              : binding parameter (1:BIGINT) <- [2]
2025-10-20T00:24:43.082+05:30 DEBUG 3648 --- [PAYROLL_MANAGEMENT_SYSTEM] [http-nio-8080-exec-3] o.s.security.web.FilterChainProxy        : Securing GET /api/bank-admin/organizations/pending
2025-10-20T00:24:43.082+05:30  INFO 3648 --- [PAYROLL_MANAGEMENT_SYSTEM] [http-nio-8080-exec-3] c.p.security.JwtAuthenticationFilter     : 🔹 Incoming request: /api/bank-admin/organizations/pending
2025-10-20T00:24:43.093+05:30  INFO 3648 --- [PAYROLL_MANAGEMENT_SYSTEM] [http-nio-8080-exec-3] c.p.security.JwtAuthenticationFilter     : 🔹 Extracted username from JWT: bankadmin1
2025-10-20T00:24:43.095+05:30 DEBUG 3648 --- [PAYROLL_MANAGEMENT_SYSTEM] [http-nio-8080-exec-3] org.hibernate.SQL                        : select u1_0.id,u1_0.email,u1_0.organization_id,u1_0.password,u1_0.role,u1_0.username from user u1_0 where u1_0.username=?
2025-10-20T00:24:43.095+05:30 TRACE 3648 --- [PAYROLL_MANAGEMENT_SYSTEM] [http-nio-8080-exec-3] org.hibernate.orm.jdbc.bind              : binding parameter (1:VARCHAR) <- [bankadmin1]
2025-10-20T00:24:43.095+05:30  INFO 3648 --- [PAYROLL_MANAGEMENT_SYSTEM] [http-nio-8080-exec-3] c.p.security.JwtAuthenticationFilter     : 🔹 Loaded user details for: bankadmin1
2025-10-20T00:24:43.099+05:30  INFO 3648 --- [PAYROLL_MANAGEMENT_SYSTEM] [http-nio-8080-exec-3] c.p.security.JwtAuthenticationFilter     : ✅ JWT validated successfully for bankadmin1
2025-10-20T00:24:43.099+05:30 DEBUG 3648 --- [PAYROLL_MANAGEMENT_SYSTEM] [http-nio-8080-exec-3] o.s.security.web.FilterChainProxy        : Secured GET /api/bank-admin/organizations/pending
2025-10-20T00:24:43.099+05:30 DEBUG 3648 --- [PAYROLL_MANAGEMENT_SYSTEM] [http-nio-8080-exec-3] horizationManagerBeforeMethodInterceptor : Authorizing method invocation ReflectiveMethodInvocation: public org.springframework.http.ResponseEntity com.project.controllers.BankAdminController.getPendingOrganizations(); target is of class [com.project.controllers.BankAdminController]
2025-10-20T00:24:43.099+05:30 DEBUG 3648 --- [PAYROLL_MANAGEMENT_SYSTEM] [http-nio-8080-exec-3] horizationManagerBeforeMethodInterceptor : Authorized method invocation ReflectiveMethodInvocation: public org.springframework.http.ResponseEntity com.project.controllers.BankAdminController.getPendingOrganizations(); target is of class [com.project.controllers.BankAdminController]
2025-10-20T00:24:43.107+05:30 DEBUG 3648 --- [PAYROLL_MANAGEMENT_SYSTEM] [http-nio-8080-exec-3] org.hibernate.SQL                        : select o1_0.id,o1_0.address,o1_0.bank_id,o1_0.contact_email,o1_0.contact_phone,o1_0.document_url,o1_0.org_name,o1_0.registration_number,o1_0.verification_status,o1_0.bank_admin_id from organizations o1_0 where o1_0.verification_status=?
2025-10-20T00:24:43.115+05:30 TRACE 3648 --- [PAYROLL_MANAGEMENT_SYSTEM] [http-nio-8080-exec-3] org.hibernate.orm.jdbc.bind              : binding parameter (1:ENUM) <- [PENDING]
2025-10-20T00:24:43.115+05:30 DEBUG 3648 --- [PAYROLL_MANAGEMENT_SYSTEM] [http-nio-8080-exec-3] org.hibernate.SQL                        : select b1_0.id,ba1_0.id,ba1_0.contact_number,ba1_0.email,ba1_0.name,ba1_0.password,u1_0.id,u1_0.email,u1_0.organization_id,u1_0.password,u1_0.role,u1_0.username,b1_0.bank_name,b1_0.branch,b1_0.contact_number from bank b1_0 left join bank_admin ba1_0 on b1_0.id=ba1_0.bank_id left join user u1_0 on u1_0.id=ba1_0.user_id where b1_0.id=?
2025-10-20T00:24:43.115+05:30 TRACE 3648 --- [PAYROLL_MANAGEMENT_SYSTEM] [http-nio-8080-exec-3] org.hibernate.orm.jdbc.bind              : binding parameter (1:BIGINT) <- [1]
2025-10-20T00:25:22.919+05:30 DEBUG 3648 --- [PAYROLL_MANAGEMENT_SYSTEM] [http-nio-8080-exec-4] o.s.security.web.FilterChainProxy        : Securing POST /api/bank-admin/organization/2/verify
2025-10-20T00:25:22.919+05:30  INFO 3648 --- [PAYROLL_MANAGEMENT_SYSTEM] [http-nio-8080-exec-4] c.p.security.JwtAuthenticationFilter     : 🔹 Incoming request: /api/bank-admin/organization/2/verify
2025-10-20T00:25:22.927+05:30  INFO 3648 --- [PAYROLL_MANAGEMENT_SYSTEM] [http-nio-8080-exec-4] c.p.security.JwtAuthenticationFilter     : 🔹 Extracted username from JWT: bankadmin1
2025-10-20T00:25:22.927+05:30 DEBUG 3648 --- [PAYROLL_MANAGEMENT_SYSTEM] [http-nio-8080-exec-4] org.hibernate.SQL                        : select u1_0.id,u1_0.email,u1_0.organization_id,u1_0.password,u1_0.role,u1_0.username from user u1_0 where u1_0.username=?
2025-10-20T00:25:22.927+05:30 TRACE 3648 --- [PAYROLL_MANAGEMENT_SYSTEM] [http-nio-8080-exec-4] org.hibernate.orm.jdbc.bind              : binding parameter (1:VARCHAR) <- [bankadmin1]
2025-10-20T00:25:22.927+05:30  INFO 3648 --- [PAYROLL_MANAGEMENT_SYSTEM] [http-nio-8080-exec-4] c.p.security.JwtAuthenticationFilter     : 🔹 Loaded user details for: bankadmin1
2025-10-20T00:25:22.935+05:30  INFO 3648 --- [PAYROLL_MANAGEMENT_SYSTEM] [http-nio-8080-exec-4] c.p.security.JwtAuthenticationFilter     : ✅ JWT validated successfully for bankadmin1
2025-10-20T00:25:22.935+05:30 DEBUG 3648 --- [PAYROLL_MANAGEMENT_SYSTEM] [http-nio-8080-exec-4] o.s.security.web.FilterChainProxy        : Secured POST /api/bank-admin/organization/2/verify
2025-10-20T00:25:22.949+05:30 DEBUG 3648 --- [PAYROLL_MANAGEMENT_SYSTEM] [http-nio-8080-exec-4] horizationManagerBeforeMethodInterceptor : Authorizing method invocation ReflectiveMethodInvocation: public org.springframework.http.ResponseEntity com.project.controllers.BankAdminController.verifyOrganization(java.lang.Long,com.project.dto.OrganizationApprovalRequest); target is of class [com.project.controllers.BankAdminController]
2025-10-20T00:25:22.949+05:30 DEBUG 3648 --- [PAYROLL_MANAGEMENT_SYSTEM] [http-nio-8080-exec-4] horizationManagerBeforeMethodInterceptor : Authorized method invocation ReflectiveMethodInvocation: public org.springframework.http.ResponseEntity com.project.controllers.BankAdminController.verifyOrganization(java.lang.Long,com.project.dto.OrganizationApprovalRequest); target is of class [com.project.controllers.BankAdminController]
2025-10-20T00:25:22.952+05:30 DEBUG 3648 --- [PAYROLL_MANAGEMENT_SYSTEM] [http-nio-8080-exec-4] org.hibernate.SQL                        : select o1_0.id,o1_0.address,o1_0.bank_id,b1_0.id,ba1_0.id,ba1_0.contact_number,ba1_0.email,ba1_0.name,ba1_0.password,ba1_0.user_id,b1_0.bank_name,b1_0.branch,b1_0.contact_number,o1_0.contact_email,o1_0.contact_phone,o1_0.document_url,o1_0.org_name,o1_0.registration_number,o1_0.verification_status,vb1_0.id,b2_0.id,b2_0.bank_name,b2_0.branch,b2_0.contact_number,vb1_0.contact_number,vb1_0.email,vb1_0.name,vb1_0.password,u2_0.id,u2_0.email,u2_0.organization_id,u2_0.password,u2_0.role,u2_0.username from organizations o1_0 join bank b1_0 on b1_0.id=o1_0.bank_id left join bank_admin ba1_0 on b1_0.id=ba1_0.bank_id left join bank_admin vb1_0 on vb1_0.id=o1_0.bank_admin_id left join bank b2_0 on b2_0.id=vb1_0.bank_id left join user u2_0 on u2_0.id=vb1_0.user_id where o1_0.id=?
2025-10-20T00:25:22.954+05:30 TRACE 3648 --- [PAYROLL_MANAGEMENT_SYSTEM] [http-nio-8080-exec-4] org.hibernate.orm.jdbc.bind              : binding parameter (1:BIGINT) <- [2]
2025-10-20T00:25:22.956+05:30 DEBUG 3648 --- [PAYROLL_MANAGEMENT_SYSTEM] [http-nio-8080-exec-4] org.hibernate.SQL                        : select u1_0.id,u1_0.email,o1_0.id,o1_0.address,o1_0.bank_id,b1_0.id,b1_0.bank_name,b1_0.branch,b1_0.contact_number,o1_0.contact_email,o1_0.contact_phone,o1_0.document_url,o1_0.org_name,o1_0.registration_number,o1_0.verification_status,vb1_0.id,vb1_0.bank_id,vb1_0.contact_number,vb1_0.email,vb1_0.name,vb1_0.password,vb1_0.user_id,u1_0.password,u1_0.role,u1_0.username from user u1_0 left join organizations o1_0 on o1_0.id=u1_0.organization_id left join bank b1_0 on b1_0.id=o1_0.bank_id left join bank_admin vb1_0 on vb1_0.id=o1_0.bank_admin_id where u1_0.id=?
2025-10-20T00:25:22.957+05:30 TRACE 3648 --- [PAYROLL_MANAGEMENT_SYSTEM] [http-nio-8080-exec-4] org.hibernate.orm.jdbc.bind              : binding parameter (1:BIGINT) <- [1]
2025-10-20T00:25:22.965+05:30 DEBUG 3648 --- [PAYROLL_MANAGEMENT_SYSTEM] [http-nio-8080-exec-4] org.hibernate.SQL                        : select u1_0.id,u1_0.email,u1_0.organization_id,u1_0.password,u1_0.role,u1_0.username from user u1_0 where u1_0.username=?
2025-10-20T00:25:22.965+05:30 TRACE 3648 --- [PAYROLL_MANAGEMENT_SYSTEM] [http-nio-8080-exec-4] org.hibernate.orm.jdbc.bind              : binding parameter (1:VARCHAR) <- [tata_admin]
2025-10-20T00:25:22.968+05:30 DEBUG 3648 --- [PAYROLL_MANAGEMENT_SYSTEM] [http-nio-8080-exec-4] org.hibernate.SQL                        : select o1_0.id,o1_0.address,o1_0.bank_id,b1_0.id,ba1_0.id,ba1_0.contact_number,ba1_0.email,ba1_0.name,ba1_0.password,ba1_0.user_id,b1_0.bank_name,b1_0.branch,b1_0.contact_number,o1_0.contact_email,o1_0.contact_phone,o1_0.document_url,o1_0.org_name,o1_0.registration_number,o1_0.verification_status,vb1_0.id,b2_0.id,b2_0.bank_name,b2_0.branch,b2_0.contact_number,vb1_0.contact_number,vb1_0.email,vb1_0.name,vb1_0.password,u2_0.id,u2_0.email,u2_0.organization_id,u2_0.password,u2_0.role,u2_0.username from organizations o1_0 join bank b1_0 on b1_0.id=o1_0.bank_id left join bank_admin ba1_0 on b1_0.id=ba1_0.bank_id left join bank_admin vb1_0 on vb1_0.id=o1_0.bank_admin_id left join bank b2_0 on b2_0.id=vb1_0.bank_id left join user u2_0 on u2_0.id=vb1_0.user_id where o1_0.id=?
2025-10-20T00:25:22.968+05:30 TRACE 3648 --- [PAYROLL_MANAGEMENT_SYSTEM] [http-nio-8080-exec-4] org.hibernate.orm.jdbc.bind              : binding parameter (1:BIGINT) <- [1]
2025-10-20T00:25:40.184+05:30 DEBUG 3648 --- [PAYROLL_MANAGEMENT_SYSTEM] [http-nio-8080-exec-6] o.s.security.web.FilterChainProxy        : Securing POST /api/bank-admin/organization/2/verify
2025-10-20T00:25:40.184+05:30  INFO 3648 --- [PAYROLL_MANAGEMENT_SYSTEM] [http-nio-8080-exec-6] c.p.security.JwtAuthenticationFilter     : 🔹 Incoming request: /api/bank-admin/organization/2/verify
2025-10-20T00:25:40.188+05:30  INFO 3648 --- [PAYROLL_MANAGEMENT_SYSTEM] [http-nio-8080-exec-6] c.p.security.JwtAuthenticationFilter     : 🔹 Extracted username from JWT: bankadmin1
2025-10-20T00:25:40.188+05:30 DEBUG 3648 --- [PAYROLL_MANAGEMENT_SYSTEM] [http-nio-8080-exec-6] org.hibernate.SQL                        : select u1_0.id,u1_0.email,u1_0.organization_id,u1_0.password,u1_0.role,u1_0.username from user u1_0 where u1_0.username=?
2025-10-20T00:25:40.188+05:30 TRACE 3648 --- [PAYROLL_MANAGEMENT_SYSTEM] [http-nio-8080-exec-6] org.hibernate.orm.jdbc.bind              : binding parameter (1:VARCHAR) <- [bankadmin1]
2025-10-20T00:25:40.192+05:30  INFO 3648 --- [PAYROLL_MANAGEMENT_SYSTEM] [http-nio-8080-exec-6] c.p.security.JwtAuthenticationFilter     : 🔹 Loaded user details for: bankadmin1
2025-10-20T00:25:40.192+05:30  INFO 3648 --- [PAYROLL_MANAGEMENT_SYSTEM] [http-nio-8080-exec-6] c.p.security.JwtAuthenticationFilter     : ✅ JWT validated successfully for bankadmin1
2025-10-20T00:25:40.192+05:30 DEBUG 3648 --- [PAYROLL_MANAGEMENT_SYSTEM] [http-nio-8080-exec-6] o.s.security.web.FilterChainProxy        : Secured POST /api/bank-admin/organization/2/verify
2025-10-20T00:25:40.192+05:30 DEBUG 3648 --- [PAYROLL_MANAGEMENT_SYSTEM] [http-nio-8080-exec-6] horizationManagerBeforeMethodInterceptor : Authorizing method invocation ReflectiveMethodInvocation: public org.springframework.http.ResponseEntity com.project.controllers.BankAdminController.verifyOrganization(java.lang.Long,com.project.dto.OrganizationApprovalRequest); target is of class [com.project.controllers.BankAdminController]
2025-10-20T00:25:40.192+05:30 DEBUG 3648 --- [PAYROLL_MANAGEMENT_SYSTEM] [http-nio-8080-exec-6] horizationManagerBeforeMethodInterceptor : Authorized method invocation ReflectiveMethodInvocation: public org.springframework.http.ResponseEntity com.project.controllers.BankAdminController.verifyOrganization(java.lang.Long,com.project.dto.OrganizationApprovalRequest); target is of class [com.project.controllers.BankAdminController]
2025-10-20T00:25:40.192+05:30 DEBUG 3648 --- [PAYROLL_MANAGEMENT_SYSTEM] [http-nio-8080-exec-6] org.hibernate.SQL                        : select o1_0.id,o1_0.address,o1_0.bank_id,b1_0.id,ba1_0.id,ba1_0.contact_number,ba1_0.email,ba1_0.name,ba1_0.password,ba1_0.user_id,b1_0.bank_name,b1_0.branch,b1_0.contact_number,o1_0.contact_email,o1_0.contact_phone,o1_0.document_url,o1_0.org_name,o1_0.registration_number,o1_0.verification_status,vb1_0.id,b2_0.id,b2_0.bank_name,b2_0.branch,b2_0.contact_number,vb1_0.contact_number,vb1_0.email,vb1_0.name,vb1_0.password,u2_0.id,u2_0.email,u2_0.organization_id,u2_0.password,u2_0.role,u2_0.username from organizations o1_0 join bank b1_0 on b1_0.id=o1_0.bank_id left join bank_admin ba1_0 on b1_0.id=ba1_0.bank_id left join bank_admin vb1_0 on vb1_0.id=o1_0.bank_admin_id left join bank b2_0 on b2_0.id=vb1_0.bank_id left join user u2_0 on u2_0.id=vb1_0.user_id where o1_0.id=?
2025-10-20T00:25:40.192+05:30 TRACE 3648 --- [PAYROLL_MANAGEMENT_SYSTEM] [http-nio-8080-exec-6] org.hibernate.orm.jdbc.bind              : binding parameter (1:BIGINT) <- [2]
2025-10-20T00:25:40.200+05:30 DEBUG 3648 --- [PAYROLL_MANAGEMENT_SYSTEM] [http-nio-8080-exec-6] org.hibernate.SQL                        : select u1_0.id,u1_0.email,o1_0.id,o1_0.address,o1_0.bank_id,b1_0.id,b1_0.bank_name,b1_0.branch,b1_0.contact_number,o1_0.contact_email,o1_0.contact_phone,o1_0.document_url,o1_0.org_name,o1_0.registration_number,o1_0.verification_status,vb1_0.id,vb1_0.bank_id,vb1_0.contact_number,vb1_0.email,vb1_0.name,vb1_0.password,vb1_0.user_id,u1_0.password,u1_0.role,u1_0.username from user u1_0 left join organizations o1_0 on o1_0.id=u1_0.organization_id left join bank b1_0 on b1_0.id=o1_0.bank_id left join bank_admin vb1_0 on vb1_0.id=o1_0.bank_admin_id where u1_0.id=?
2025-10-20T00:25:40.200+05:30 TRACE 3648 --- [PAYROLL_MANAGEMENT_SYSTEM] [http-nio-8080-exec-6] org.hibernate.orm.jdbc.bind              : binding parameter (1:BIGINT) <- [1]
2025-10-20T00:25:40.200+05:30 DEBUG 3648 --- [PAYROLL_MANAGEMENT_SYSTEM] [http-nio-8080-exec-6] org.hibernate.SQL                        : select u1_0.id,u1_0.email,u1_0.organization_id,u1_0.password,u1_0.role,u1_0.username from user u1_0 where u1_0.username=?
2025-10-20T00:25:40.200+05:30 TRACE 3648 --- [PAYROLL_MANAGEMENT_SYSTEM] [http-nio-8080-exec-6] org.hibernate.orm.jdbc.bind              : binding parameter (1:VARCHAR) <- [amazon_admin]
2025-10-20T00:25:40.209+05:30 DEBUG 3648 --- [PAYROLL_MANAGEMENT_SYSTEM] [http-nio-8080-exec-6] org.hibernate.SQL                        : select u1_0.id,u1_0.email,u1_0.organization_id,u1_0.password,u1_0.role,u1_0.username from user u1_0 where u1_0.email=?
2025-10-20T00:25:40.209+05:30 TRACE 3648 --- [PAYROLL_MANAGEMENT_SYSTEM] [http-nio-8080-exec-6] org.hibernate.orm.jdbc.bind              : binding parameter (1:VARCHAR) <- [mustafa52bhagat@gmail.com]
2025-10-20T00:25:40.209+05:30 DEBUG 3648 --- [PAYROLL_MANAGEMENT_SYSTEM] [http-nio-8080-exec-6] org.hibernate.SQL                        : select o1_0.id,o1_0.address,o1_0.bank_id,b1_0.id,ba1_0.id,ba1_0.contact_number,ba1_0.email,ba1_0.name,ba1_0.password,ba1_0.user_id,b1_0.bank_name,b1_0.branch,b1_0.contact_number,o1_0.contact_email,o1_0.contact_phone,o1_0.document_url,o1_0.org_name,o1_0.registration_number,o1_0.verification_status,vb1_0.id,b2_0.id,b2_0.bank_name,b2_0.branch,b2_0.contact_number,vb1_0.contact_number,vb1_0.email,vb1_0.name,vb1_0.password,u2_0.id,u2_0.email,u2_0.organization_id,u2_0.password,u2_0.role,u2_0.username from organizations o1_0 join bank b1_0 on b1_0.id=o1_0.bank_id left join bank_admin ba1_0 on b1_0.id=ba1_0.bank_id left join bank_admin vb1_0 on vb1_0.id=o1_0.bank_admin_id left join bank b2_0 on b2_0.id=vb1_0.bank_id left join user u2_0 on u2_0.id=vb1_0.user_id where o1_0.id=?
2025-10-20T00:25:40.209+05:30 TRACE 3648 --- [PAYROLL_MANAGEMENT_SYSTEM] [http-nio-8080-exec-6] org.hibernate.orm.jdbc.bind              : binding parameter (1:BIGINT) <- [1]
2025-10-20T00:45:11.780+05:30  INFO 3648 --- [PAYROLL_MANAGEMENT_SYSTEM] [File Watcher] rtingClassPathChangeChangedEventListener : Restarting due to 1 class path change (0 additions, 0 deletions, 1 modification)
2025-10-20T00:45:11.783+05:30  INFO 3648 --- [PAYROLL_MANAGEMENT_SYSTEM] [Thread-15] o.s.b.w.e.tomcat.GracefulShutdown        : Commencing graceful shutdown. Waiting for active requests to complete
2025-10-20T00:45:11.792+05:30  INFO 3648 --- [PAYROLL_MANAGEMENT_SYSTEM] [tomcat-shutdown] o.s.b.w.e.tomcat.GracefulShutdown        : Graceful shutdown complete
2025-10-20T00:45:11.798+05:30  INFO 3648 --- [PAYROLL_MANAGEMENT_SYSTEM] [Thread-15] j.LocalContainerEntityManagerFactoryBean : Closing JPA EntityManagerFactory for persistence unit 'default'
2025-10-20T00:45:11.798+05:30  INFO 3648 --- [PAYROLL_MANAGEMENT_SYSTEM] [Thread-15] com.zaxxer.hikari.HikariDataSource       : HikariPool-6 - Shutdown initiated...
2025-10-20T00:45:11.837+05:30  INFO 3648 --- [PAYROLL_MANAGEMENT_SYSTEM] [Thread-15] com.zaxxer.hikari.HikariDataSource       : HikariPool-6 - Shutdown completed.
2025-10-20T00:45:11.993+05:30  INFO 3648 --- [PAYROLL_MANAGEMENT_SYSTEM] [restartedMain] c.p.PayrollManagementSystemApplication   : Starting PayrollManagementSystemApplication using Java 21.0.3 with PID 3648 (D:\JAVA_TRAINING\CAPSTONE_PROJECT\PAYROLL_MANAGEMENT_SYSTEM\target\classes started by mustafa.bhagat in D:\JAVA_TRAINING\CAPSTONE_PROJECT\PAYROLL_MANAGEMENT_SYSTEM)
2025-10-20T00:45:11.994+05:30  INFO 3648 --- [PAYROLL_MANAGEMENT_SYSTEM] [restartedMain] c.p.PayrollManagementSystemApplication   : No active profile set, falling back to 1 default profile: "default"
2025-10-20T00:45:12.273+05:30  INFO 3648 --- [PAYROLL_MANAGEMENT_SYSTEM] [restartedMain] .s.d.r.c.RepositoryConfigurationDelegate : Bootstrapping Spring Data JPA repositories in DEFAULT mode.
2025-10-20T00:45:12.319+05:30  INFO 3648 --- [PAYROLL_MANAGEMENT_SYSTEM] [restartedMain] .s.d.r.c.RepositoryConfigurationDelegate : Finished Spring Data repository scanning in 44 ms. Found 12 JPA repository interfaces.
2025-10-20T00:45:12.499+05:30  INFO 3648 --- [PAYROLL_MANAGEMENT_SYSTEM] [restartedMain] o.s.b.w.embedded.tomcat.TomcatWebServer  : Tomcat initialized with port 8080 (http)
2025-10-20T00:45:12.502+05:30  INFO 3648 --- [PAYROLL_MANAGEMENT_SYSTEM] [restartedMain] o.apache.catalina.core.StandardService   : Starting service [Tomcat]
2025-10-20T00:45:12.502+05:30  INFO 3648 --- [PAYROLL_MANAGEMENT_SYSTEM] [restartedMain] o.apache.catalina.core.StandardEngine    : Starting Servlet engine: [Apache Tomcat/10.1.46]
2025-10-20T00:45:12.539+05:30  INFO 3648 --- [PAYROLL_MANAGEMENT_SYSTEM] [restartedMain] o.a.c.c.C.[Tomcat-2].[localhost].[/]     : Initializing Spring embedded WebApplicationContext
2025-10-20T00:45:12.539+05:30  INFO 3648 --- [PAYROLL_MANAGEMENT_SYSTEM] [restartedMain] w.s.c.ServletWebServerApplicationContext : Root WebApplicationContext: initialization completed in 542 ms
2025-10-20T00:45:12.633+05:30  INFO 3648 --- [PAYROLL_MANAGEMENT_SYSTEM] [restartedMain] o.hibernate.jpa.internal.util.LogHelper  : HHH000204: Processing PersistenceUnitInfo [name: default]
2025-10-20T00:45:12.637+05:30  INFO 3648 --- [PAYROLL_MANAGEMENT_SYSTEM] [restartedMain] o.h.c.internal.RegionFactoryInitiator    : HHH000026: Second-level cache disabled
2025-10-20T00:45:12.648+05:30  INFO 3648 --- [PAYROLL_MANAGEMENT_SYSTEM] [restartedMain] o.s.o.j.p.SpringPersistenceUnitInfo      : No LoadTimeWeaver setup: ignoring JPA class transformer
2025-10-20T00:45:12.649+05:30  INFO 3648 --- [PAYROLL_MANAGEMENT_SYSTEM] [restartedMain] com.zaxxer.hikari.HikariDataSource       : HikariPool-7 - Starting...
2025-10-20T00:45:12.655+05:30  INFO 3648 --- [PAYROLL_MANAGEMENT_SYSTEM] [restartedMain] com.zaxxer.hikari.pool.HikariPool        : HikariPool-7 - Added connection com.mysql.cj.jdbc.ConnectionImpl@2739d7fe
2025-10-20T00:45:12.655+05:30  INFO 3648 --- [PAYROLL_MANAGEMENT_SYSTEM] [restartedMain] com.zaxxer.hikari.HikariDataSource       : HikariPool-7 - Start completed.
2025-10-20T00:45:12.657+05:30  WARN 3648 --- [PAYROLL_MANAGEMENT_SYSTEM] [restartedMain] org.hibernate.orm.deprecation            : HHH90000025: MySQLDialect does not need to be specified explicitly using 'hibernate.dialect' (remove the property setting and it will be selected by default)
2025-10-20T00:45:12.657+05:30  INFO 3648 --- [PAYROLL_MANAGEMENT_SYSTEM] [restartedMain] org.hibernate.orm.connections.pooling    : HHH10001005: Database info:
	Database JDBC URL [Connecting through datasource 'HikariDataSource (HikariPool-7)']
	Database driver: undefined/unknown
	Database version: 8.0.42
	Autocommit mode: undefined/unknown
	Isolation level: undefined/unknown
	Minimum pool size: undefined/unknown
	Maximum pool size: undefined/unknown
2025-10-20T00:45:12.969+05:30  INFO 3648 --- [PAYROLL_MANAGEMENT_SYSTEM] [restartedMain] o.h.e.t.j.p.i.JtaPlatformInitiator       : HHH000489: No JTA platform available (set 'hibernate.transaction.jta.platform' to enable JTA platform integration)
2025-10-20T00:45:13.063+05:30  INFO 3648 --- [PAYROLL_MANAGEMENT_SYSTEM] [restartedMain] j.LocalContainerEntityManagerFactoryBean : Initialized JPA EntityManagerFactory for persistence unit 'default'
2025-10-20T00:45:13.315+05:30  INFO 3648 --- [PAYROLL_MANAGEMENT_SYSTEM] [restartedMain] r$InitializeUserDetailsManagerConfigurer : Global AuthenticationManager configured with UserDetailsService bean with name customUserDetailsService
2025-10-20T00:45:13.571+05:30  WARN 3648 --- [PAYROLL_MANAGEMENT_SYSTEM] [restartedMain] JpaBaseConfiguration$JpaWebConfiguration : spring.jpa.open-in-view is enabled by default. Therefore, database queries may be performed during view rendering. Explicitly configure spring.jpa.open-in-view to disable this warning
2025-10-20T00:45:13.771+05:30 DEBUG 3648 --- [PAYROLL_MANAGEMENT_SYSTEM] [restartedMain] o.s.s.web.DefaultSecurityFilterChain     : Will secure any request with filters: DisableEncodeUrlFilter, WebAsyncManagerIntegrationFilter, SecurityContextHolderFilter, HeaderWriterFilter, CorsFilter, LogoutFilter, JwtAuthenticationFilter, RequestCacheAwareFilter, SecurityContextHolderAwareRequestFilter, AnonymousAuthenticationFilter, SessionManagementFilter, ExceptionTranslationFilter, AuthorizationFilter
2025-10-20T00:45:13.964+05:30  INFO 3648 --- [PAYROLL_MANAGEMENT_SYSTEM] [restartedMain] o.s.b.d.a.OptionalLiveReloadServer       : LiveReload server is running on port 35729
2025-10-20T00:45:13.986+05:30  INFO 3648 --- [PAYROLL_MANAGEMENT_SYSTEM] [restartedMain] o.s.b.w.embedded.tomcat.TomcatWebServer  : Tomcat started on port 8080 (http) with context path '/'
2025-10-20T00:45:13.992+05:30  INFO 3648 --- [PAYROLL_MANAGEMENT_SYSTEM] [restartedMain] c.p.PayrollManagementSystemApplication   : Started PayrollManagementSystemApplication in 2.033 seconds (process running for 2391.19)
2025-10-20T00:45:13.993+05:30  INFO 3648 --- [PAYROLL_MANAGEMENT_SYSTEM] [restartedMain] .ConditionEvaluationDeltaLoggingListener : Condition evaluation unchanged
2025-10-20T00:45:27.802+05:30  INFO 3648 --- [PAYROLL_MANAGEMENT_SYSTEM] [File Watcher] rtingClassPathChangeChangedEventListener : Restarting due to 2 class path changes (0 additions, 0 deletions, 2 modifications)
2025-10-20T00:45:27.803+05:30  INFO 3648 --- [PAYROLL_MANAGEMENT_SYSTEM] [Thread-25] o.s.b.w.e.tomcat.GracefulShutdown        : Commencing graceful shutdown. Waiting for active requests to complete
2025-10-20T00:45:27.811+05:30  INFO 3648 --- [PAYROLL_MANAGEMENT_SYSTEM] [tomcat-shutdown] o.s.b.w.e.tomcat.GracefulShutdown        : Graceful shutdown complete
2025-10-20T00:45:27.815+05:30  INFO 3648 --- [PAYROLL_MANAGEMENT_SYSTEM] [Thread-25] j.LocalContainerEntityManagerFactoryBean : Closing JPA EntityManagerFactory for persistence unit 'default'
2025-10-20T00:45:27.816+05:30  INFO 3648 --- [PAYROLL_MANAGEMENT_SYSTEM] [Thread-25] com.zaxxer.hikari.HikariDataSource       : HikariPool-7 - Shutdown initiated...
2025-10-20T00:45:27.820+05:30  INFO 3648 --- [PAYROLL_MANAGEMENT_SYSTEM] [Thread-25] com.zaxxer.hikari.HikariDataSource       : HikariPool-7 - Shutdown completed.
2025-10-20T00:45:28.009+05:30  INFO 3648 --- [PAYROLL_MANAGEMENT_SYSTEM] [restartedMain] c.p.PayrollManagementSystemApplication   : Starting PayrollManagementSystemApplication using Java 21.0.3 with PID 3648 (D:\JAVA_TRAINING\CAPSTONE_PROJECT\PAYROLL_MANAGEMENT_SYSTEM\target\classes started by mustafa.bhagat in D:\JAVA_TRAINING\CAPSTONE_PROJECT\PAYROLL_MANAGEMENT_SYSTEM)
2025-10-20T00:45:28.010+05:30  INFO 3648 --- [PAYROLL_MANAGEMENT_SYSTEM] [restartedMain] c.p.PayrollManagementSystemApplication   : No active profile set, falling back to 1 default profile: "default"
2025-10-20T00:45:28.239+05:30  INFO 3648 --- [PAYROLL_MANAGEMENT_SYSTEM] [restartedMain] .s.d.r.c.RepositoryConfigurationDelegate : Bootstrapping Spring Data JPA repositories in DEFAULT mode.
2025-10-20T00:45:28.283+05:30  INFO 3648 --- [PAYROLL_MANAGEMENT_SYSTEM] [restartedMain] .s.d.r.c.RepositoryConfigurationDelegate : Finished Spring Data repository scanning in 42 ms. Found 12 JPA repository interfaces.
2025-10-20T00:45:28.430+05:30  INFO 3648 --- [PAYROLL_MANAGEMENT_SYSTEM] [restartedMain] o.s.b.w.embedded.tomcat.TomcatWebServer  : Tomcat initialized with port 8080 (http)
2025-10-20T00:45:28.431+05:30  INFO 3648 --- [PAYROLL_MANAGEMENT_SYSTEM] [restartedMain] o.apache.catalina.core.StandardService   : Starting service [Tomcat]
2025-10-20T00:45:28.432+05:30  INFO 3648 --- [PAYROLL_MANAGEMENT_SYSTEM] [restartedMain] o.apache.catalina.core.StandardEngine    : Starting Servlet engine: [Apache Tomcat/10.1.46]
2025-10-20T00:45:28.468+05:30  INFO 3648 --- [PAYROLL_MANAGEMENT_SYSTEM] [restartedMain] o.a.c.c.C.[Tomcat-2].[localhost].[/]     : Initializing Spring embedded WebApplicationContext
2025-10-20T00:45:28.468+05:30  INFO 3648 --- [PAYROLL_MANAGEMENT_SYSTEM] [restartedMain] w.s.c.ServletWebServerApplicationContext : Root WebApplicationContext: initialization completed in 456 ms
2025-10-20T00:45:28.527+05:30  INFO 3648 --- [PAYROLL_MANAGEMENT_SYSTEM] [restartedMain] o.hibernate.jpa.internal.util.LogHelper  : HHH000204: Processing PersistenceUnitInfo [name: default]
2025-10-20T00:45:28.531+05:30  INFO 3648 --- [PAYROLL_MANAGEMENT_SYSTEM] [restartedMain] o.h.c.internal.RegionFactoryInitiator    : HHH000026: Second-level cache disabled
2025-10-20T00:45:28.540+05:30  INFO 3648 --- [PAYROLL_MANAGEMENT_SYSTEM] [restartedMain] o.s.o.j.p.SpringPersistenceUnitInfo      : No LoadTimeWeaver setup: ignoring JPA class transformer
2025-10-20T00:45:28.541+05:30  INFO 3648 --- [PAYROLL_MANAGEMENT_SYSTEM] [restartedMain] com.zaxxer.hikari.HikariDataSource       : HikariPool-8 - Starting...
2025-10-20T00:45:28.546+05:30  INFO 3648 --- [PAYROLL_MANAGEMENT_SYSTEM] [restartedMain] com.zaxxer.hikari.pool.HikariPool        : HikariPool-8 - Added connection com.mysql.cj.jdbc.ConnectionImpl@2c69de9
2025-10-20T00:45:28.546+05:30  INFO 3648 --- [PAYROLL_MANAGEMENT_SYSTEM] [restartedMain] com.zaxxer.hikari.HikariDataSource       : HikariPool-8 - Start completed.
2025-10-20T00:45:28.547+05:30  WARN 3648 --- [PAYROLL_MANAGEMENT_SYSTEM] [restartedMain] org.hibernate.orm.deprecation            : HHH90000025: MySQLDialect does not need to be specified explicitly using 'hibernate.dialect' (remove the property setting and it will be selected by default)
2025-10-20T00:45:28.548+05:30  INFO 3648 --- [PAYROLL_MANAGEMENT_SYSTEM] [restartedMain] org.hibernate.orm.connections.pooling    : HHH10001005: Database info:
	Database JDBC URL [Connecting through datasource 'HikariDataSource (HikariPool-8)']
	Database driver: undefined/unknown
	Database version: 8.0.42
	Autocommit mode: undefined/unknown
	Isolation level: undefined/unknown
	Minimum pool size: undefined/unknown
	Maximum pool size: undefined/unknown
2025-10-20T00:45:28.812+05:30  INFO 3648 --- [PAYROLL_MANAGEMENT_SYSTEM] [restartedMain] o.h.e.t.j.p.i.JtaPlatformInitiator       : HHH000489: No JTA platform available (set 'hibernate.transaction.jta.platform' to enable JTA platform integration)
2025-10-20T00:45:28.891+05:30  INFO 3648 --- [PAYROLL_MANAGEMENT_SYSTEM] [restartedMain] j.LocalContainerEntityManagerFactoryBean : Initialized JPA EntityManagerFactory for persistence unit 'default'
2025-10-20T00:45:29.120+05:30  INFO 3648 --- [PAYROLL_MANAGEMENT_SYSTEM] [restartedMain] r$InitializeUserDetailsManagerConfigurer : Global AuthenticationManager configured with UserDetailsService bean with name customUserDetailsService
2025-10-20T00:45:29.343+05:30  WARN 3648 --- [PAYROLL_MANAGEMENT_SYSTEM] [restartedMain] JpaBaseConfiguration$JpaWebConfiguration : spring.jpa.open-in-view is enabled by default. Therefore, database queries may be performed during view rendering. Explicitly configure spring.jpa.open-in-view to disable this warning
2025-10-20T00:45:29.540+05:30 DEBUG 3648 --- [PAYROLL_MANAGEMENT_SYSTEM] [restartedMain] o.s.s.web.DefaultSecurityFilterChain     : Will secure any request with filters: DisableEncodeUrlFilter, WebAsyncManagerIntegrationFilter, SecurityContextHolderFilter, HeaderWriterFilter, CorsFilter, LogoutFilter, JwtAuthenticationFilter, RequestCacheAwareFilter, SecurityContextHolderAwareRequestFilter, AnonymousAuthenticationFilter, SessionManagementFilter, ExceptionTranslationFilter, AuthorizationFilter
2025-10-20T00:45:29.695+05:30  INFO 3648 --- [PAYROLL_MANAGEMENT_SYSTEM] [restartedMain] o.s.b.d.a.OptionalLiveReloadServer       : LiveReload server is running on port 35729
2025-10-20T00:45:29.711+05:30  INFO 3648 --- [PAYROLL_MANAGEMENT_SYSTEM] [restartedMain] o.s.b.w.embedded.tomcat.TomcatWebServer  : Tomcat started on port 8080 (http) with context path '/'
2025-10-20T00:45:29.714+05:30  INFO 3648 --- [PAYROLL_MANAGEMENT_SYSTEM] [restartedMain] c.p.PayrollManagementSystemApplication   : Started PayrollManagementSystemApplication in 1.732 seconds (process running for 2406.911)
2025-10-20T00:45:29.716+05:30  INFO 3648 --- [PAYROLL_MANAGEMENT_SYSTEM] [restartedMain] .ConditionEvaluationDeltaLoggingListener : Condition evaluation unchanged
2025-10-20T00:45:34.250+05:30  INFO 3648 --- [PAYROLL_MANAGEMENT_SYSTEM] [File Watcher] rtingClassPathChangeChangedEventListener : Restarting due to 1 class path change (0 additions, 0 deletions, 1 modification)
2025-10-20T00:45:34.253+05:30  INFO 3648 --- [PAYROLL_MANAGEMENT_SYSTEM] [Thread-29] o.s.b.w.e.tomcat.GracefulShutdown        : Commencing graceful shutdown. Waiting for active requests to complete
2025-10-20T00:45:34.270+05:30  INFO 3648 --- [PAYROLL_MANAGEMENT_SYSTEM] [tomcat-shutdown] o.s.b.w.e.tomcat.GracefulShutdown        : Graceful shutdown complete
2025-10-20T00:45:34.273+05:30  INFO 3648 --- [PAYROLL_MANAGEMENT_SYSTEM] [Thread-29] j.LocalContainerEntityManagerFactoryBean : Closing JPA EntityManagerFactory for persistence unit 'default'
2025-10-20T00:45:34.274+05:30  INFO 3648 --- [PAYROLL_MANAGEMENT_SYSTEM] [Thread-29] com.zaxxer.hikari.HikariDataSource       : HikariPool-8 - Shutdown initiated...
2025-10-20T00:45:34.278+05:30  INFO 3648 --- [PAYROLL_MANAGEMENT_SYSTEM] [Thread-29] com.zaxxer.hikari.HikariDataSource       : HikariPool-8 - Shutdown completed.
2025-10-20T00:45:34.470+05:30  INFO 3648 --- [PAYROLL_MANAGEMENT_SYSTEM] [restartedMain] c.p.PayrollManagementSystemApplication   : Starting PayrollManagementSystemApplication using Java 21.0.3 with PID 3648 (D:\JAVA_TRAINING\CAPSTONE_PROJECT\PAYROLL_MANAGEMENT_SYSTEM\target\classes started by mustafa.bhagat in D:\JAVA_TRAINING\CAPSTONE_PROJECT\PAYROLL_MANAGEMENT_SYSTEM)
2025-10-20T00:45:34.470+05:30  INFO 3648 --- [PAYROLL_MANAGEMENT_SYSTEM] [restartedMain] c.p.PayrollManagementSystemApplication   : No active profile set, falling back to 1 default profile: "default"
2025-10-20T00:45:34.723+05:30  INFO 3648 --- [PAYROLL_MANAGEMENT_SYSTEM] [restartedMain] .s.d.r.c.RepositoryConfigurationDelegate : Bootstrapping Spring Data JPA repositories in DEFAULT mode.
2025-10-20T00:45:34.772+05:30  INFO 3648 --- [PAYROLL_MANAGEMENT_SYSTEM] [restartedMain] .s.d.r.c.RepositoryConfigurationDelegate : Finished Spring Data repository scanning in 44 ms. Found 12 JPA repository interfaces.
2025-10-20T00:45:34.909+05:30  INFO 3648 --- [PAYROLL_MANAGEMENT_SYSTEM] [restartedMain] o.s.b.w.embedded.tomcat.TomcatWebServer  : Tomcat initialized with port 8080 (http)
2025-10-20T00:45:34.910+05:30  INFO 3648 --- [PAYROLL_MANAGEMENT_SYSTEM] [restartedMain] o.apache.catalina.core.StandardService   : Starting service [Tomcat]
2025-10-20T00:45:34.910+05:30  INFO 3648 --- [PAYROLL_MANAGEMENT_SYSTEM] [restartedMain] o.apache.catalina.core.StandardEngine    : Starting Servlet engine: [Apache Tomcat/10.1.46]
2025-10-20T00:45:34.980+05:30  INFO 3648 --- [PAYROLL_MANAGEMENT_SYSTEM] [restartedMain] o.a.c.c.C.[Tomcat-2].[localhost].[/]     : Initializing Spring embedded WebApplicationContext
2025-10-20T00:45:34.980+05:30  INFO 3648 --- [PAYROLL_MANAGEMENT_SYSTEM] [restartedMain] w.s.c.ServletWebServerApplicationContext : Root WebApplicationContext: initialization completed in 508 ms
2025-10-20T00:45:35.030+05:30  INFO 3648 --- [PAYROLL_MANAGEMENT_SYSTEM] [restartedMain] o.hibernate.jpa.internal.util.LogHelper  : HHH000204: Processing PersistenceUnitInfo [name: default]
2025-10-20T00:45:35.034+05:30  INFO 3648 --- [PAYROLL_MANAGEMENT_SYSTEM] [restartedMain] o.h.c.internal.RegionFactoryInitiator    : HHH000026: Second-level cache disabled
2025-10-20T00:45:35.042+05:30  INFO 3648 --- [PAYROLL_MANAGEMENT_SYSTEM] [restartedMain] o.s.o.j.p.SpringPersistenceUnitInfo      : No LoadTimeWeaver setup: ignoring JPA class transformer
2025-10-20T00:45:35.043+05:30  INFO 3648 --- [PAYROLL_MANAGEMENT_SYSTEM] [restartedMain] com.zaxxer.hikari.HikariDataSource       : HikariPool-9 - Starting...
2025-10-20T00:45:35.050+05:30  INFO 3648 --- [PAYROLL_MANAGEMENT_SYSTEM] [restartedMain] com.zaxxer.hikari.pool.HikariPool        : HikariPool-9 - Added connection com.mysql.cj.jdbc.ConnectionImpl@1a683873
2025-10-20T00:45:35.050+05:30  INFO 3648 --- [PAYROLL_MANAGEMENT_SYSTEM] [restartedMain] com.zaxxer.hikari.HikariDataSource       : HikariPool-9 - Start completed.
2025-10-20T00:45:35.052+05:30  WARN 3648 --- [PAYROLL_MANAGEMENT_SYSTEM] [restartedMain] org.hibernate.orm.deprecation            : HHH90000025: MySQLDialect does not need to be specified explicitly using 'hibernate.dialect' (remove the property setting and it will be selected by default)
2025-10-20T00:45:35.052+05:30  INFO 3648 --- [PAYROLL_MANAGEMENT_SYSTEM] [restartedMain] org.hibernate.orm.connections.pooling    : HHH10001005: Database info:
	Database JDBC URL [Connecting through datasource 'HikariDataSource (HikariPool-9)']
	Database driver: undefined/unknown
	Database version: 8.0.42
	Autocommit mode: undefined/unknown
	Isolation level: undefined/unknown
	Minimum pool size: undefined/unknown
	Maximum pool size: undefined/unknown
2025-10-20T00:45:35.286+05:30  INFO 3648 --- [PAYROLL_MANAGEMENT_SYSTEM] [restartedMain] o.h.e.t.j.p.i.JtaPlatformInitiator       : HHH000489: No JTA platform available (set 'hibernate.transaction.jta.platform' to enable JTA platform integration)
2025-10-20T00:45:35.366+05:30  INFO 3648 --- [PAYROLL_MANAGEMENT_SYSTEM] [restartedMain] j.LocalContainerEntityManagerFactoryBean : Initialized JPA EntityManagerFactory for persistence unit 'default'
2025-10-20T00:45:35.549+05:30  INFO 3648 --- [PAYROLL_MANAGEMENT_SYSTEM] [restartedMain] r$InitializeUserDetailsManagerConfigurer : Global AuthenticationManager configured with UserDetailsService bean with name customUserDetailsService
2025-10-20T00:45:35.773+05:30  WARN 3648 --- [PAYROLL_MANAGEMENT_SYSTEM] [restartedMain] JpaBaseConfiguration$JpaWebConfiguration : spring.jpa.open-in-view is enabled by default. Therefore, database queries may be performed during view rendering. Explicitly configure spring.jpa.open-in-view to disable this warning
2025-10-20T00:45:35.974+05:30 DEBUG 3648 --- [PAYROLL_MANAGEMENT_SYSTEM] [restartedMain] o.s.s.web.DefaultSecurityFilterChain     : Will secure any request with filters: DisableEncodeUrlFilter, WebAsyncManagerIntegrationFilter, SecurityContextHolderFilter, HeaderWriterFilter, CorsFilter, LogoutFilter, JwtAuthenticationFilter, RequestCacheAwareFilter, SecurityContextHolderAwareRequestFilter, AnonymousAuthenticationFilter, SessionManagementFilter, ExceptionTranslationFilter, AuthorizationFilter
2025-10-20T00:45:36.143+05:30  INFO 3648 --- [PAYROLL_MANAGEMENT_SYSTEM] [restartedMain] o.s.b.d.a.OptionalLiveReloadServer       : LiveReload server is running on port 35729
2025-10-20T00:45:36.160+05:30  INFO 3648 --- [PAYROLL_MANAGEMENT_SYSTEM] [restartedMain] o.s.b.w.embedded.tomcat.TomcatWebServer  : Tomcat started on port 8080 (http) with context path '/'
2025-10-20T00:45:36.164+05:30  INFO 3648 --- [PAYROLL_MANAGEMENT_SYSTEM] [restartedMain] c.p.PayrollManagementSystemApplication   : Started PayrollManagementSystemApplication in 1.723 seconds (process running for 2413.358)
2025-10-20T00:45:36.165+05:30  INFO 3648 --- [PAYROLL_MANAGEMENT_SYSTEM] [restartedMain] .ConditionEvaluationDeltaLoggingListener : Condition evaluation unchanged
2025-10-20T00:45:52.022+05:30  INFO 3648 --- [PAYROLL_MANAGEMENT_SYSTEM] [File Watcher] rtingClassPathChangeChangedEventListener : Restarting due to 2 class path changes (0 additions, 0 deletions, 2 modifications)
2025-10-20T00:45:52.025+05:30  INFO 3648 --- [PAYROLL_MANAGEMENT_SYSTEM] [Thread-33] o.s.b.w.e.tomcat.GracefulShutdown        : Commencing graceful shutdown. Waiting for active requests to complete
2025-10-20T00:45:52.033+05:30  INFO 3648 --- [PAYROLL_MANAGEMENT_SYSTEM] [tomcat-shutdown] o.s.b.w.e.tomcat.GracefulShutdown        : Graceful shutdown complete
2025-10-20T00:45:52.038+05:30  INFO 3648 --- [PAYROLL_MANAGEMENT_SYSTEM] [Thread-33] j.LocalContainerEntityManagerFactoryBean : Closing JPA EntityManagerFactory for persistence unit 'default'
2025-10-20T00:45:52.039+05:30  INFO 3648 --- [PAYROLL_MANAGEMENT_SYSTEM] [Thread-33] com.zaxxer.hikari.HikariDataSource       : HikariPool-9 - Shutdown initiated...
2025-10-20T00:45:52.043+05:30  INFO 3648 --- [PAYROLL_MANAGEMENT_SYSTEM] [Thread-33] com.zaxxer.hikari.HikariDataSource       : HikariPool-9 - Shutdown completed.
2025-10-20T00:45:52.228+05:30  INFO 3648 --- [PAYROLL_MANAGEMENT_SYSTEM] [restartedMain] c.p.PayrollManagementSystemApplication   : Starting PayrollManagementSystemApplication using Java 21.0.3 with PID 3648 (D:\JAVA_TRAINING\CAPSTONE_PROJECT\PAYROLL_MANAGEMENT_SYSTEM\target\classes started by mustafa.bhagat in D:\JAVA_TRAINING\CAPSTONE_PROJECT\PAYROLL_MANAGEMENT_SYSTEM)
2025-10-20T00:45:52.228+05:30  INFO 3648 --- [PAYROLL_MANAGEMENT_SYSTEM] [restartedMain] c.p.PayrollManagementSystemApplication   : No active profile set, falling back to 1 default profile: "default"
2025-10-20T00:45:52.462+05:30  INFO 3648 --- [PAYROLL_MANAGEMENT_SYSTEM] [restartedMain] .s.d.r.c.RepositoryConfigurationDelegate : Bootstrapping Spring Data JPA repositories in DEFAULT mode.
2025-10-20T00:45:52.508+05:30  INFO 3648 --- [PAYROLL_MANAGEMENT_SYSTEM] [restartedMain] .s.d.r.c.RepositoryConfigurationDelegate : Finished Spring Data repository scanning in 43 ms. Found 12 JPA repository interfaces.
2025-10-20T00:45:52.676+05:30  INFO 3648 --- [PAYROLL_MANAGEMENT_SYSTEM] [restartedMain] o.s.b.w.embedded.tomcat.TomcatWebServer  : Tomcat initialized with port 8080 (http)
2025-10-20T00:45:52.677+05:30  INFO 3648 --- [PAYROLL_MANAGEMENT_SYSTEM] [restartedMain] o.apache.catalina.core.StandardService   : Starting service [Tomcat]
2025-10-20T00:45:52.677+05:30  INFO 3648 --- [PAYROLL_MANAGEMENT_SYSTEM] [restartedMain] o.apache.catalina.core.StandardEngine    : Starting Servlet engine: [Apache Tomcat/10.1.46]
2025-10-20T00:45:52.705+05:30  INFO 3648 --- [PAYROLL_MANAGEMENT_SYSTEM] [restartedMain] o.a.c.c.C.[Tomcat-2].[localhost].[/]     : Initializing Spring embedded WebApplicationContext
2025-10-20T00:45:52.705+05:30  INFO 3648 --- [PAYROLL_MANAGEMENT_SYSTEM] [restartedMain] w.s.c.ServletWebServerApplicationContext : Root WebApplicationContext: initialization completed in 475 ms
2025-10-20T00:45:52.757+05:30  INFO 3648 --- [PAYROLL_MANAGEMENT_SYSTEM] [restartedMain] o.hibernate.jpa.internal.util.LogHelper  : HHH000204: Processing PersistenceUnitInfo [name: default]
2025-10-20T00:45:52.760+05:30  INFO 3648 --- [PAYROLL_MANAGEMENT_SYSTEM] [restartedMain] o.h.c.internal.RegionFactoryInitiator    : HHH000026: Second-level cache disabled
2025-10-20T00:45:52.770+05:30  INFO 3648 --- [PAYROLL_MANAGEMENT_SYSTEM] [restartedMain] o.s.o.j.p.SpringPersistenceUnitInfo      : No LoadTimeWeaver setup: ignoring JPA class transformer
2025-10-20T00:45:52.771+05:30  INFO 3648 --- [PAYROLL_MANAGEMENT_SYSTEM] [restartedMain] com.zaxxer.hikari.HikariDataSource       : HikariPool-10 - Starting...
2025-10-20T00:45:52.777+05:30  INFO 3648 --- [PAYROLL_MANAGEMENT_SYSTEM] [restartedMain] com.zaxxer.hikari.pool.HikariPool        : HikariPool-10 - Added connection com.mysql.cj.jdbc.ConnectionImpl@461b15a
2025-10-20T00:45:52.777+05:30  INFO 3648 --- [PAYROLL_MANAGEMENT_SYSTEM] [restartedMain] com.zaxxer.hikari.HikariDataSource       : HikariPool-10 - Start completed.
2025-10-20T00:45:52.778+05:30  WARN 3648 --- [PAYROLL_MANAGEMENT_SYSTEM] [restartedMain] org.hibernate.orm.deprecation            : HHH90000025: MySQLDialect does not need to be specified explicitly using 'hibernate.dialect' (remove the property setting and it will be selected by default)
2025-10-20T00:45:52.779+05:30  INFO 3648 --- [PAYROLL_MANAGEMENT_SYSTEM] [restartedMain] org.hibernate.orm.connections.pooling    : HHH10001005: Database info:
	Database JDBC URL [Connecting through datasource 'HikariDataSource (HikariPool-10)']
	Database driver: undefined/unknown
	Database version: 8.0.42
	Autocommit mode: undefined/unknown
	Isolation level: undefined/unknown
	Minimum pool size: undefined/unknown
	Maximum pool size: undefined/unknown
2025-10-20T00:45:53.069+05:30  INFO 3648 --- [PAYROLL_MANAGEMENT_SYSTEM] [restartedMain] o.h.e.t.j.p.i.JtaPlatformInitiator       : HHH000489: No JTA platform available (set 'hibernate.transaction.jta.platform' to enable JTA platform integration)
2025-10-20T00:45:53.153+05:30  INFO 3648 --- [PAYROLL_MANAGEMENT_SYSTEM] [restartedMain] j.LocalContainerEntityManagerFactoryBean : Initialized JPA EntityManagerFactory for persistence unit 'default'
2025-10-20T00:45:53.351+05:30  INFO 3648 --- [PAYROLL_MANAGEMENT_SYSTEM] [restartedMain] r$InitializeUserDetailsManagerConfigurer : Global AuthenticationManager configured with UserDetailsService bean with name customUserDetailsService
2025-10-20T00:45:53.594+05:30  WARN 3648 --- [PAYROLL_MANAGEMENT_SYSTEM] [restartedMain] JpaBaseConfiguration$JpaWebConfiguration : spring.jpa.open-in-view is enabled by default. Therefore, database queries may be performed during view rendering. Explicitly configure spring.jpa.open-in-view to disable this warning
2025-10-20T00:45:53.770+05:30 DEBUG 3648 --- [PAYROLL_MANAGEMENT_SYSTEM] [restartedMain] o.s.s.web.DefaultSecurityFilterChain     : Will secure any request with filters: DisableEncodeUrlFilter, WebAsyncManagerIntegrationFilter, SecurityContextHolderFilter, HeaderWriterFilter, CorsFilter, LogoutFilter, JwtAuthenticationFilter, RequestCacheAwareFilter, SecurityContextHolderAwareRequestFilter, AnonymousAuthenticationFilter, SessionManagementFilter, ExceptionTranslationFilter, AuthorizationFilter
2025-10-20T00:45:53.935+05:30  INFO 3648 --- [PAYROLL_MANAGEMENT_SYSTEM] [restartedMain] o.s.b.d.a.OptionalLiveReloadServer       : LiveReload server is running on port 35729
2025-10-20T00:45:53.952+05:30  INFO 3648 --- [PAYROLL_MANAGEMENT_SYSTEM] [restartedMain] o.s.b.w.embedded.tomcat.TomcatWebServer  : Tomcat started on port 8080 (http) with context path '/'
2025-10-20T00:45:53.955+05:30  INFO 3648 --- [PAYROLL_MANAGEMENT_SYSTEM] [restartedMain] c.p.PayrollManagementSystemApplication   : Started PayrollManagementSystemApplication in 1.757 seconds (process running for 2431.149)
2025-10-20T00:45:53.956+05:30  INFO 3648 --- [PAYROLL_MANAGEMENT_SYSTEM] [restartedMain] .ConditionEvaluationDeltaLoggingListener : Condition evaluation unchanged
2025-10-20T00:47:26.141+05:30  INFO 3648 --- [PAYROLL_MANAGEMENT_SYSTEM] [http-nio-8080-exec-2] o.a.c.c.C.[Tomcat-2].[localhost].[/]     : Initializing Spring DispatcherServlet 'dispatcherServlet'
2025-10-20T00:47:26.141+05:30  INFO 3648 --- [PAYROLL_MANAGEMENT_SYSTEM] [http-nio-8080-exec-2] o.s.web.servlet.DispatcherServlet        : Initializing Servlet 'dispatcherServlet'
2025-10-20T00:47:26.141+05:30  INFO 3648 --- [PAYROLL_MANAGEMENT_SYSTEM] [http-nio-8080-exec-2] o.s.web.servlet.DispatcherServlet        : Completed initialization in 0 ms
2025-10-20T00:47:26.144+05:30 DEBUG 3648 --- [PAYROLL_MANAGEMENT_SYSTEM] [http-nio-8080-exec-2] o.s.security.web.FilterChainProxy        : Securing PUT /api/employees/self/update
2025-10-20T00:47:26.144+05:30  INFO 3648 --- [PAYROLL_MANAGEMENT_SYSTEM] [http-nio-8080-exec-2] c.p.security.JwtAuthenticationFilter     : 🔹 Incoming request: /api/employees/self/update
2025-10-20T00:47:26.149+05:30  INFO 3648 --- [PAYROLL_MANAGEMENT_SYSTEM] [http-nio-8080-exec-2] c.p.security.JwtAuthenticationFilter     : 🔹 Extracted username from JWT: marvel2
2025-10-20T00:47:26.201+05:30 DEBUG 3648 --- [PAYROLL_MANAGEMENT_SYSTEM] [http-nio-8080-exec-2] org.hibernate.SQL                        : select u1_0.id,u1_0.email,u1_0.organization_id,u1_0.password,u1_0.role,u1_0.username from user u1_0 where u1_0.username=?
2025-10-20T00:47:26.201+05:30 TRACE 3648 --- [PAYROLL_MANAGEMENT_SYSTEM] [http-nio-8080-exec-2] org.hibernate.orm.jdbc.bind              : binding parameter (1:VARCHAR) <- [marvel2]
2025-10-20T00:47:26.209+05:30 DEBUG 3648 --- [PAYROLL_MANAGEMENT_SYSTEM] [http-nio-8080-exec-2] org.hibernate.SQL                        : select o1_0.id,o1_0.address,o1_0.bank_id,b1_0.id,ba1_0.id,ba1_0.contact_number,ba1_0.email,ba1_0.name,ba1_0.password,ba1_0.user_id,b1_0.bank_name,b1_0.branch,b1_0.contact_number,o1_0.contact_email,o1_0.contact_phone,o1_0.document_url,o1_0.org_name,o1_0.registration_number,o1_0.verification_status,vb1_0.id,b2_0.id,b2_0.bank_name,b2_0.branch,b2_0.contact_number,vb1_0.contact_number,vb1_0.email,vb1_0.name,vb1_0.password,u2_0.id,u2_0.email,u2_0.organization_id,u2_0.password,u2_0.role,u2_0.username from organizations o1_0 join bank b1_0 on b1_0.id=o1_0.bank_id left join bank_admin ba1_0 on b1_0.id=ba1_0.bank_id left join bank_admin vb1_0 on vb1_0.id=o1_0.bank_admin_id left join bank b2_0 on b2_0.id=vb1_0.bank_id left join user u2_0 on u2_0.id=vb1_0.user_id where o1_0.id=?
2025-10-20T00:47:26.209+05:30 TRACE 3648 --- [PAYROLL_MANAGEMENT_SYSTEM] [http-nio-8080-exec-2] org.hibernate.orm.jdbc.bind              : binding parameter (1:BIGINT) <- [1]
2025-10-20T00:47:26.215+05:30  INFO 3648 --- [PAYROLL_MANAGEMENT_SYSTEM] [http-nio-8080-exec-2] c.p.security.JwtAuthenticationFilter     : 🔹 Loaded user details for: marvel2
2025-10-20T00:47:26.221+05:30  INFO 3648 --- [PAYROLL_MANAGEMENT_SYSTEM] [http-nio-8080-exec-2] c.p.security.JwtAuthenticationFilter     : ✅ JWT validated successfully for marvel2
2025-10-20T00:47:26.223+05:30 DEBUG 3648 --- [PAYROLL_MANAGEMENT_SYSTEM] [http-nio-8080-exec-2] o.s.security.web.FilterChainProxy        : Secured PUT /api/employees/self/update
2025-10-20T00:47:26.261+05:30 DEBUG 3648 --- [PAYROLL_MANAGEMENT_SYSTEM] [http-nio-8080-exec-2] org.hibernate.SQL                        : select e1_0.id,e1_0.account_number,e1_0.bank_name,e1_0.department,e1_0.designation,e1_0.document_url,e1_0.email,e1_0.full_name,e1_0.ifsc_code,e1_0.organization_id,e1_0.password,e1_0.salary_structure_id,e1_0.username,e1_0.verification_status from employee e1_0 where e1_0.username=?
2025-10-20T00:47:26.261+05:30 TRACE 3648 --- [PAYROLL_MANAGEMENT_SYSTEM] [http-nio-8080-exec-2] org.hibernate.orm.jdbc.bind              : binding parameter (1:VARCHAR) <- [marvel2]
2025-10-20T00:47:26.264+05:30 DEBUG 3648 --- [PAYROLL_MANAGEMENT_SYSTEM] [http-nio-8080-exec-2] org.hibernate.SQL                        : select o1_0.id,o1_0.address,o1_0.bank_id,b1_0.id,ba1_0.id,ba1_0.contact_number,ba1_0.email,ba1_0.name,ba1_0.password,ba1_0.user_id,b1_0.bank_name,b1_0.branch,b1_0.contact_number,o1_0.contact_email,o1_0.contact_phone,o1_0.document_url,o1_0.org_name,o1_0.registration_number,o1_0.verification_status,vb1_0.id,b2_0.id,b2_0.bank_name,b2_0.branch,b2_0.contact_number,vb1_0.contact_number,vb1_0.email,vb1_0.name,vb1_0.password,u2_0.id,u2_0.email,u2_0.organization_id,u2_0.password,u2_0.role,u2_0.username from organizations o1_0 join bank b1_0 on b1_0.id=o1_0.bank_id left join bank_admin ba1_0 on b1_0.id=ba1_0.bank_id left join bank_admin vb1_0 on vb1_0.id=o1_0.bank_admin_id left join bank b2_0 on b2_0.id=vb1_0.bank_id left join user u2_0 on u2_0.id=vb1_0.user_id where o1_0.id=?
2025-10-20T00:47:26.264+05:30 TRACE 3648 --- [PAYROLL_MANAGEMENT_SYSTEM] [http-nio-8080-exec-2] org.hibernate.orm.jdbc.bind              : binding parameter (1:BIGINT) <- [1]
2025-10-20T00:47:26.267+05:30 DEBUG 3648 --- [PAYROLL_MANAGEMENT_SYSTEM] [http-nio-8080-exec-2] org.hibernate.SQL                        : select ss1_0.id,ss1_0.allowances,ss1_0.basic,ss1_0.da,ss1_0.employee_id,e1_0.id,e1_0.account_number,e1_0.bank_name,e1_0.department,e1_0.designation,e1_0.document_url,e1_0.email,e1_0.full_name,e1_0.ifsc_code,e1_0.organization_id,o1_0.id,o1_0.address,o1_0.bank_id,o1_0.contact_email,o1_0.contact_phone,o1_0.document_url,o1_0.org_name,o1_0.registration_number,o1_0.verification_status,o1_0.bank_admin_id,e1_0.password,ss2_0.id,ss2_0.allowances,ss2_0.basic,ss2_0.da,ss2_0.employee_id,ss2_0.hra,ss2_0.net_salary,ss2_0.pf,e1_0.username,e1_0.verification_status,ss1_0.hra,ss1_0.net_salary,ss1_0.pf from salary_structures ss1_0 join employee e1_0 on e1_0.id=ss1_0.employee_id join organizations o1_0 on o1_0.id=e1_0.organization_id left join salary_structures ss2_0 on ss2_0.id=e1_0.salary_structure_id where ss1_0.id=?
2025-10-20T00:47:26.269+05:30 TRACE 3648 --- [PAYROLL_MANAGEMENT_SYSTEM] [http-nio-8080-exec-2] org.hibernate.orm.jdbc.bind              : binding parameter (1:BIGINT) <- [2]
2025-10-20T00:47:26.273+05:30 DEBUG 3648 --- [PAYROLL_MANAGEMENT_SYSTEM] [http-nio-8080-exec-2] org.hibernate.SQL                        : update employee set account_number=?,bank_name=?,department=?,designation=?,document_url=?,email=?,full_name=?,ifsc_code=?,organization_id=?,password=?,salary_structure_id=?,username=?,verification_status=? where id=?
2025-10-20T00:47:26.273+05:30 TRACE 3648 --- [PAYROLL_MANAGEMENT_SYSTEM] [http-nio-8080-exec-2] org.hibernate.orm.jdbc.bind              : binding parameter (1:VARCHAR) <- [9976544410]
2025-10-20T00:47:26.273+05:30 TRACE 3648 --- [PAYROLL_MANAGEMENT_SYSTEM] [http-nio-8080-exec-2] org.hibernate.orm.jdbc.bind              : binding parameter (2:VARCHAR) <- [National Bank of India]
2025-10-20T00:47:26.273+05:30 TRACE 3648 --- [PAYROLL_MANAGEMENT_SYSTEM] [http-nio-8080-exec-2] org.hibernate.orm.jdbc.bind              : binding parameter (3:VARCHAR) <- [IT]
2025-10-20T00:47:26.273+05:30 TRACE 3648 --- [PAYROLL_MANAGEMENT_SYSTEM] [http-nio-8080-exec-2] org.hibernate.orm.jdbc.bind              : binding parameter (4:VARCHAR) <- [Developer]
2025-10-20T00:47:26.273+05:30 TRACE 3648 --- [PAYROLL_MANAGEMENT_SYSTEM] [http-nio-8080-exec-2] org.hibernate.orm.jdbc.bind              : binding parameter (5:VARCHAR) <- [https://res.cloudinary.com/dftrdgj0r/raw/upload/v1760899752/employee_docs/ylylg7xn7jtzgfamrzpq]
2025-10-20T00:47:26.273+05:30 TRACE 3648 --- [PAYROLL_MANAGEMENT_SYSTEM] [http-nio-8080-exec-2] org.hibernate.orm.jdbc.bind              : binding parameter (6:VARCHAR) <- [mustafaabhagat5252@gmail.com]
2025-10-20T00:47:26.273+05:30 TRACE 3648 --- [PAYROLL_MANAGEMENT_SYSTEM] [http-nio-8080-exec-2] org.hibernate.orm.jdbc.bind              : binding parameter (7:VARCHAR) <- [Hero]
2025-10-20T00:47:26.273+05:30 TRACE 3648 --- [PAYROLL_MANAGEMENT_SYSTEM] [http-nio-8080-exec-2] org.hibernate.orm.jdbc.bind              : binding parameter (8:VARCHAR) <- [NBOI0001234]
2025-10-20T00:47:26.273+05:30 TRACE 3648 --- [PAYROLL_MANAGEMENT_SYSTEM] [http-nio-8080-exec-2] org.hibernate.orm.jdbc.bind              : binding parameter (9:BIGINT) <- [1]
2025-10-20T00:47:26.273+05:30 TRACE 3648 --- [PAYROLL_MANAGEMENT_SYSTEM] [http-nio-8080-exec-2] org.hibernate.orm.jdbc.bind              : binding parameter (10:VARCHAR) <- [$2a$10$rrLtdGzlc25vYrl.eTa5f.DDZ0w4q5aAA4x60gYbsh77Wqjg26xMm]
2025-10-20T00:47:26.273+05:30 TRACE 3648 --- [PAYROLL_MANAGEMENT_SYSTEM] [http-nio-8080-exec-2] org.hibernate.orm.jdbc.bind              : binding parameter (11:BIGINT) <- [2]
2025-10-20T00:47:26.281+05:30 TRACE 3648 --- [PAYROLL_MANAGEMENT_SYSTEM] [http-nio-8080-exec-2] org.hibernate.orm.jdbc.bind              : binding parameter (12:VARCHAR) <- [marvel2]
2025-10-20T00:47:26.281+05:30 TRACE 3648 --- [PAYROLL_MANAGEMENT_SYSTEM] [http-nio-8080-exec-2] org.hibernate.orm.jdbc.bind              : binding parameter (13:ENUM) <- [APPROVED]
2025-10-20T00:47:26.281+05:30 TRACE 3648 --- [PAYROLL_MANAGEMENT_SYSTEM] [http-nio-8080-exec-2] org.hibernate.orm.jdbc.bind              : binding parameter (14:BIGINT) <- [2]
2025-10-20T00:47:26.290+05:30 DEBUG 3648 --- [PAYROLL_MANAGEMENT_SYSTEM] [http-nio-8080-exec-2] org.hibernate.SQL                        : select sp1_0.employee_id,sp1_0.id,sp1_0.amount,sp1_0.organization_id,o1_0.id,o1_0.address,o1_0.bank_id,b1_0.id,b1_0.bank_name,b1_0.branch,b1_0.contact_number,o1_0.contact_email,o1_0.contact_phone,o1_0.document_url,o1_0.org_name,o1_0.registration_number,o1_0.verification_status,vb1_0.id,vb1_0.bank_id,vb1_0.contact_number,vb1_0.email,vb1_0.name,vb1_0.password,vb1_0.user_id,sp1_0.payment_date,sp1_0.remarks,sp1_0.salary_month,sp1_0.status,vb2_0.id,b3_0.id,b3_0.bank_name,b3_0.branch,b3_0.contact_number,vb2_0.contact_number,vb2_0.email,vb2_0.name,vb2_0.password,u2_0.id,u2_0.email,u2_0.organization_id,u2_0.password,u2_0.role,u2_0.username from salary_payments sp1_0 left join organizations o1_0 on o1_0.id=sp1_0.organization_id left join bank b1_0 on b1_0.id=o1_0.bank_id left join bank_admin vb1_0 on vb1_0.id=o1_0.bank_admin_id left join bank_admin vb2_0 on vb2_0.id=sp1_0.verified_by_admin_id left join bank b3_0 on b3_0.id=vb2_0.bank_id left join user u2_0 on u2_0.id=vb2_0.user_id where sp1_0.employee_id=?
2025-10-20T00:47:26.290+05:30 TRACE 3648 --- [PAYROLL_MANAGEMENT_SYSTEM] [http-nio-8080-exec-2] org.hibernate.orm.jdbc.bind              : binding parameter (1:BIGINT) <- [2]
2025-10-20T00:47:26.290+05:30 DEBUG 3648 --- [PAYROLL_MANAGEMENT_SYSTEM] [http-nio-8080-exec-2] org.hibernate.SQL                        : select c1_0.raised_by_employee_id,c1_0.id,c1_0.created_at,hb1_0.id,b1_0.id,b1_0.bank_name,b1_0.branch,b1_0.contact_number,hb1_0.contact_number,hb1_0.email,hb1_0.name,hb1_0.password,u1_0.id,u1_0.email,u1_0.organization_id,u1_0.password,u1_0.role,u1_0.username,c1_0.message,rbo1_0.id,rbo1_0.address,rbo1_0.bank_id,b2_0.id,b2_0.bank_name,b2_0.branch,b2_0.contact_number,rbo1_0.contact_email,rbo1_0.contact_phone,rbo1_0.document_url,rbo1_0.org_name,rbo1_0.registration_number,rbo1_0.verification_status,vb1_0.id,vb1_0.bank_id,vb1_0.contact_number,vb1_0.email,vb1_0.name,vb1_0.password,vb1_0.user_id,c1_0.resolution_remarks,c1_0.resolved_at,c1_0.status,c1_0.subject from concerns c1_0 left join bank_admin hb1_0 on hb1_0.id=c1_0.handled_by_admin_id left join bank b1_0 on b1_0.id=hb1_0.bank_id left join user u1_0 on u1_0.id=hb1_0.user_id left join organizations rbo1_0 on rbo1_0.id=c1_0.raised_by_organization_id left join bank b2_0 on b2_0.id=rbo1_0.bank_id left join bank_admin vb1_0 on vb1_0.id=rbo1_0.bank_admin_id where c1_0.raised_by_employee_id=?
2025-10-20T00:47:26.290+05:30 TRACE 3648 --- [PAYROLL_MANAGEMENT_SYSTEM] [http-nio-8080-exec-2] org.hibernate.orm.jdbc.bind              : binding parameter (1:BIGINT) <- [2]
2025-10-20T00:48:05.824+05:30 DEBUG 3648 --- [PAYROLL_MANAGEMENT_SYSTEM] [http-nio-8080-exec-3] o.s.security.web.FilterChainProxy        : Securing POST /api/auth/login
2025-10-20T00:48:05.824+05:30  INFO 3648 --- [PAYROLL_MANAGEMENT_SYSTEM] [http-nio-8080-exec-3] c.p.security.JwtAuthenticationFilter     : 🔹 Incoming request: /api/auth/login
2025-10-20T00:48:05.824+05:30 DEBUG 3648 --- [PAYROLL_MANAGEMENT_SYSTEM] [http-nio-8080-exec-3] o.s.s.w.a.AnonymousAuthenticationFilter  : Set SecurityContextHolder to anonymous SecurityContext
2025-10-20T00:48:05.824+05:30 DEBUG 3648 --- [PAYROLL_MANAGEMENT_SYSTEM] [http-nio-8080-exec-3] o.s.security.web.FilterChainProxy        : Secured POST /api/auth/login
2025-10-20T00:48:05.836+05:30 DEBUG 3648 --- [PAYROLL_MANAGEMENT_SYSTEM] [http-nio-8080-exec-3] org.hibernate.SQL                        : select u1_0.id,u1_0.email,u1_0.organization_id,u1_0.password,u1_0.role,u1_0.username from user u1_0 where u1_0.username=?
2025-10-20T00:48:05.836+05:30 TRACE 3648 --- [PAYROLL_MANAGEMENT_SYSTEM] [http-nio-8080-exec-3] org.hibernate.orm.jdbc.bind              : binding parameter (1:VARCHAR) <- [marvel2]
2025-10-20T00:48:05.847+05:30 DEBUG 3648 --- [PAYROLL_MANAGEMENT_SYSTEM] [http-nio-8080-exec-3] org.hibernate.SQL                        : select o1_0.id,o1_0.address,o1_0.bank_id,b1_0.id,ba1_0.id,ba1_0.contact_number,ba1_0.email,ba1_0.name,ba1_0.password,ba1_0.user_id,b1_0.bank_name,b1_0.branch,b1_0.contact_number,o1_0.contact_email,o1_0.contact_phone,o1_0.document_url,o1_0.org_name,o1_0.registration_number,o1_0.verification_status,vb1_0.id,b2_0.id,b2_0.bank_name,b2_0.branch,b2_0.contact_number,vb1_0.contact_number,vb1_0.email,vb1_0.name,vb1_0.password,u2_0.id,u2_0.email,u2_0.organization_id,u2_0.password,u2_0.role,u2_0.username from organizations o1_0 join bank b1_0 on b1_0.id=o1_0.bank_id left join bank_admin ba1_0 on b1_0.id=ba1_0.bank_id left join bank_admin vb1_0 on vb1_0.id=o1_0.bank_admin_id left join bank b2_0 on b2_0.id=vb1_0.bank_id left join user u2_0 on u2_0.id=vb1_0.user_id where o1_0.id=?
2025-10-20T00:48:05.849+05:30 TRACE 3648 --- [PAYROLL_MANAGEMENT_SYSTEM] [http-nio-8080-exec-3] org.hibernate.orm.jdbc.bind              : binding parameter (1:BIGINT) <- [1]
2025-10-20T00:48:05.996+05:30 DEBUG 3648 --- [PAYROLL_MANAGEMENT_SYSTEM] [http-nio-8080-exec-3] org.hibernate.SQL                        : select u1_0.id,u1_0.email,u1_0.organization_id,u1_0.password,u1_0.role,u1_0.username from user u1_0 where u1_0.username=?
2025-10-20T00:48:05.996+05:30 TRACE 3648 --- [PAYROLL_MANAGEMENT_SYSTEM] [http-nio-8080-exec-3] org.hibernate.orm.jdbc.bind              : binding parameter (1:VARCHAR) <- [marvel2]
2025-10-20T00:48:06.114+05:30 DEBUG 3648 --- [PAYROLL_MANAGEMENT_SYSTEM] [http-nio-8080-exec-3] o.s.s.a.dao.DaoAuthenticationProvider    : Authenticated user
2025-10-20T00:48:33.079+05:30 DEBUG 3648 --- [PAYROLL_MANAGEMENT_SYSTEM] [http-nio-8080-exec-4] o.s.security.web.FilterChainProxy        : Securing POST /api/auth/login
2025-10-20T00:48:33.079+05:30  INFO 3648 --- [PAYROLL_MANAGEMENT_SYSTEM] [http-nio-8080-exec-4] c.p.security.JwtAuthenticationFilter     : 🔹 Incoming request: /api/auth/login
2025-10-20T00:48:33.079+05:30 DEBUG 3648 --- [PAYROLL_MANAGEMENT_SYSTEM] [http-nio-8080-exec-4] o.s.s.w.a.AnonymousAuthenticationFilter  : Set SecurityContextHolder to anonymous SecurityContext
2025-10-20T00:48:33.079+05:30 DEBUG 3648 --- [PAYROLL_MANAGEMENT_SYSTEM] [http-nio-8080-exec-4] o.s.security.web.FilterChainProxy        : Secured POST /api/auth/login
2025-10-20T00:48:33.079+05:30 DEBUG 3648 --- [PAYROLL_MANAGEMENT_SYSTEM] [http-nio-8080-exec-4] org.hibernate.SQL                        : select u1_0.id,u1_0.email,u1_0.organization_id,u1_0.password,u1_0.role,u1_0.username from user u1_0 where u1_0.username=?
2025-10-20T00:48:33.079+05:30 TRACE 3648 --- [PAYROLL_MANAGEMENT_SYSTEM] [http-nio-8080-exec-4] org.hibernate.orm.jdbc.bind              : binding parameter (1:VARCHAR) <- [marvel2]
2025-10-20T00:48:33.087+05:30 DEBUG 3648 --- [PAYROLL_MANAGEMENT_SYSTEM] [http-nio-8080-exec-4] org.hibernate.SQL                        : select o1_0.id,o1_0.address,o1_0.bank_id,b1_0.id,ba1_0.id,ba1_0.contact_number,ba1_0.email,ba1_0.name,ba1_0.password,ba1_0.user_id,b1_0.bank_name,b1_0.branch,b1_0.contact_number,o1_0.contact_email,o1_0.contact_phone,o1_0.document_url,o1_0.org_name,o1_0.registration_number,o1_0.verification_status,vb1_0.id,b2_0.id,b2_0.bank_name,b2_0.branch,b2_0.contact_number,vb1_0.contact_number,vb1_0.email,vb1_0.name,vb1_0.password,u2_0.id,u2_0.email,u2_0.organization_id,u2_0.password,u2_0.role,u2_0.username from organizations o1_0 join bank b1_0 on b1_0.id=o1_0.bank_id left join bank_admin ba1_0 on b1_0.id=ba1_0.bank_id left join bank_admin vb1_0 on vb1_0.id=o1_0.bank_admin_id left join bank b2_0 on b2_0.id=vb1_0.bank_id left join user u2_0 on u2_0.id=vb1_0.user_id where o1_0.id=?
2025-10-20T00:48:33.087+05:30 TRACE 3648 --- [PAYROLL_MANAGEMENT_SYSTEM] [http-nio-8080-exec-4] org.hibernate.orm.jdbc.bind              : binding parameter (1:BIGINT) <- [1]
2025-10-20T00:48:33.090+05:30 DEBUG 3648 --- [PAYROLL_MANAGEMENT_SYSTEM] [http-nio-8080-exec-4] org.hibernate.SQL                        : select u1_0.id,u1_0.email,u1_0.organization_id,u1_0.password,u1_0.role,u1_0.username from user u1_0 where u1_0.username=?
2025-10-20T00:48:33.090+05:30 TRACE 3648 --- [PAYROLL_MANAGEMENT_SYSTEM] [http-nio-8080-exec-4] org.hibernate.orm.jdbc.bind              : binding parameter (1:VARCHAR) <- [marvel2]
2025-10-20T00:48:33.213+05:30 DEBUG 3648 --- [PAYROLL_MANAGEMENT_SYSTEM] [http-nio-8080-exec-4] o.s.s.a.dao.DaoAuthenticationProvider    : Failed to authenticate since password does not match stored value
2025-10-20T00:48:33.216+05:30 DEBUG 3648 --- [PAYROLL_MANAGEMENT_SYSTEM] [http-nio-8080-exec-4] o.s.s.authentication.ProviderManager     : Authentication failed with provider DaoAuthenticationProvider since Bad credentials
2025-10-20T00:49:47.208+05:30 DEBUG 3648 --- [PAYROLL_MANAGEMENT_SYSTEM] [http-nio-8080-exec-7] o.s.security.web.FilterChainProxy        : Securing POST /api/auth/login
2025-10-20T00:49:47.208+05:30  INFO 3648 --- [PAYROLL_MANAGEMENT_SYSTEM] [http-nio-8080-exec-7] c.p.security.JwtAuthenticationFilter     : 🔹 Incoming request: /api/auth/login
2025-10-20T00:49:47.208+05:30 DEBUG 3648 --- [PAYROLL_MANAGEMENT_SYSTEM] [http-nio-8080-exec-7] o.s.s.w.a.AnonymousAuthenticationFilter  : Set SecurityContextHolder to anonymous SecurityContext
2025-10-20T00:49:47.208+05:30 DEBUG 3648 --- [PAYROLL_MANAGEMENT_SYSTEM] [http-nio-8080-exec-7] o.s.security.web.FilterChainProxy        : Secured POST /api/auth/login
2025-10-20T00:49:47.208+05:30 DEBUG 3648 --- [PAYROLL_MANAGEMENT_SYSTEM] [http-nio-8080-exec-7] org.hibernate.SQL                        : select u1_0.id,u1_0.email,u1_0.organization_id,u1_0.password,u1_0.role,u1_0.username from user u1_0 where u1_0.username=?
2025-10-20T00:49:47.216+05:30 TRACE 3648 --- [PAYROLL_MANAGEMENT_SYSTEM] [http-nio-8080-exec-7] org.hibernate.orm.jdbc.bind              : binding parameter (1:VARCHAR) <- [marvel2]
2025-10-20T00:49:47.216+05:30 DEBUG 3648 --- [PAYROLL_MANAGEMENT_SYSTEM] [http-nio-8080-exec-7] org.hibernate.SQL                        : select o1_0.id,o1_0.address,o1_0.bank_id,b1_0.id,ba1_0.id,ba1_0.contact_number,ba1_0.email,ba1_0.name,ba1_0.password,ba1_0.user_id,b1_0.bank_name,b1_0.branch,b1_0.contact_number,o1_0.contact_email,o1_0.contact_phone,o1_0.document_url,o1_0.org_name,o1_0.registration_number,o1_0.verification_status,vb1_0.id,b2_0.id,b2_0.bank_name,b2_0.branch,b2_0.contact_number,vb1_0.contact_number,vb1_0.email,vb1_0.name,vb1_0.password,u2_0.id,u2_0.email,u2_0.organization_id,u2_0.password,u2_0.role,u2_0.username from organizations o1_0 join bank b1_0 on b1_0.id=o1_0.bank_id left join bank_admin ba1_0 on b1_0.id=ba1_0.bank_id left join bank_admin vb1_0 on vb1_0.id=o1_0.bank_admin_id left join bank b2_0 on b2_0.id=vb1_0.bank_id left join user u2_0 on u2_0.id=vb1_0.user_id where o1_0.id=?
2025-10-20T00:49:47.216+05:30 TRACE 3648 --- [PAYROLL_MANAGEMENT_SYSTEM] [http-nio-8080-exec-7] org.hibernate.orm.jdbc.bind              : binding parameter (1:BIGINT) <- [1]
2025-10-20T00:49:47.216+05:30 DEBUG 3648 --- [PAYROLL_MANAGEMENT_SYSTEM] [http-nio-8080-exec-7] org.hibernate.SQL                        : select u1_0.id,u1_0.email,u1_0.organization_id,u1_0.password,u1_0.role,u1_0.username from user u1_0 where u1_0.username=?
2025-10-20T00:49:47.216+05:30 TRACE 3648 --- [PAYROLL_MANAGEMENT_SYSTEM] [http-nio-8080-exec-7] org.hibernate.orm.jdbc.bind              : binding parameter (1:VARCHAR) <- [marvel2]
2025-10-20T00:49:47.332+05:30 DEBUG 3648 --- [PAYROLL_MANAGEMENT_SYSTEM] [http-nio-8080-exec-7] o.s.s.a.dao.DaoAuthenticationProvider    : Failed to authenticate since password does not match stored value
2025-10-20T00:49:47.332+05:30 DEBUG 3648 --- [PAYROLL_MANAGEMENT_SYSTEM] [http-nio-8080-exec-7] o.s.s.authentication.ProviderManager     : Authentication failed with provider DaoAuthenticationProvider since Bad credentials
2025-10-20T01:04:36.153+05:30  INFO 3648 --- [PAYROLL_MANAGEMENT_SYSTEM] [File Watcher] rtingClassPathChangeChangedEventListener : Restarting due to 1 class path change (0 additions, 0 deletions, 1 modification)
2025-10-20T01:04:36.156+05:30  INFO 3648 --- [PAYROLL_MANAGEMENT_SYSTEM] [Thread-37] o.s.b.w.e.tomcat.GracefulShutdown        : Commencing graceful shutdown. Waiting for active requests to complete
2025-10-20T01:04:36.170+05:30  INFO 3648 --- [PAYROLL_MANAGEMENT_SYSTEM] [tomcat-shutdown] o.s.b.w.e.tomcat.GracefulShutdown        : Graceful shutdown complete
2025-10-20T01:04:36.174+05:30  INFO 3648 --- [PAYROLL_MANAGEMENT_SYSTEM] [Thread-37] j.LocalContainerEntityManagerFactoryBean : Closing JPA EntityManagerFactory for persistence unit 'default'
2025-10-20T01:04:36.175+05:30  INFO 3648 --- [PAYROLL_MANAGEMENT_SYSTEM] [Thread-37] com.zaxxer.hikari.HikariDataSource       : HikariPool-10 - Shutdown initiated...
2025-10-20T01:04:36.182+05:30  INFO 3648 --- [PAYROLL_MANAGEMENT_SYSTEM] [Thread-37] com.zaxxer.hikari.HikariDataSource       : HikariPool-10 - Shutdown completed.
2025-10-20T01:04:36.426+05:30  INFO 3648 --- [PAYROLL_MANAGEMENT_SYSTEM] [restartedMain] c.p.PayrollManagementSystemApplication   : Starting PayrollManagementSystemApplication using Java 21.0.3 with PID 3648 (D:\JAVA_TRAINING\CAPSTONE_PROJECT\PAYROLL_MANAGEMENT_SYSTEM\target\classes started by mustafa.bhagat in D:\JAVA_TRAINING\CAPSTONE_PROJECT\PAYROLL_MANAGEMENT_SYSTEM)
2025-10-20T01:04:36.426+05:30  INFO 3648 --- [PAYROLL_MANAGEMENT_SYSTEM] [restartedMain] c.p.PayrollManagementSystemApplication   : No active profile set, falling back to 1 default profile: "default"
2025-10-20T01:04:36.846+05:30  INFO 3648 --- [PAYROLL_MANAGEMENT_SYSTEM] [restartedMain] .s.d.r.c.RepositoryConfigurationDelegate : Bootstrapping Spring Data JPA repositories in DEFAULT mode.
2025-10-20T01:04:36.916+05:30  INFO 3648 --- [PAYROLL_MANAGEMENT_SYSTEM] [restartedMain] .s.d.r.c.RepositoryConfigurationDelegate : Finished Spring Data repository scanning in 67 ms. Found 12 JPA repository interfaces.
2025-10-20T01:04:37.187+05:30  INFO 3648 --- [PAYROLL_MANAGEMENT_SYSTEM] [restartedMain] o.s.b.w.embedded.tomcat.TomcatWebServer  : Tomcat initialized with port 8080 (http)
2025-10-20T01:04:37.193+05:30  INFO 3648 --- [PAYROLL_MANAGEMENT_SYSTEM] [restartedMain] o.apache.catalina.core.StandardService   : Starting service [Tomcat]
2025-10-20T01:04:37.193+05:30  INFO 3648 --- [PAYROLL_MANAGEMENT_SYSTEM] [restartedMain] o.apache.catalina.core.StandardEngine    : Starting Servlet engine: [Apache Tomcat/10.1.46]
2025-10-20T01:04:37.243+05:30  INFO 3648 --- [PAYROLL_MANAGEMENT_SYSTEM] [restartedMain] o.a.c.c.C.[Tomcat-2].[localhost].[/]     : Initializing Spring embedded WebApplicationContext
2025-10-20T01:04:37.243+05:30  INFO 3648 --- [PAYROLL_MANAGEMENT_SYSTEM] [restartedMain] w.s.c.ServletWebServerApplicationContext : Root WebApplicationContext: initialization completed in 812 ms
2025-10-20T01:04:37.342+05:30  INFO 3648 --- [PAYROLL_MANAGEMENT_SYSTEM] [restartedMain] o.hibernate.jpa.internal.util.LogHelper  : HHH000204: Processing PersistenceUnitInfo [name: default]
2025-10-20T01:04:37.346+05:30  INFO 3648 --- [PAYROLL_MANAGEMENT_SYSTEM] [restartedMain] o.h.c.internal.RegionFactoryInitiator    : HHH000026: Second-level cache disabled
2025-10-20T01:04:37.362+05:30  INFO 3648 --- [PAYROLL_MANAGEMENT_SYSTEM] [restartedMain] o.s.o.j.p.SpringPersistenceUnitInfo      : No LoadTimeWeaver setup: ignoring JPA class transformer
2025-10-20T01:04:37.364+05:30  INFO 3648 --- [PAYROLL_MANAGEMENT_SYSTEM] [restartedMain] com.zaxxer.hikari.HikariDataSource       : HikariPool-11 - Starting...
2025-10-20T01:04:37.371+05:30  INFO 3648 --- [PAYROLL_MANAGEMENT_SYSTEM] [restartedMain] com.zaxxer.hikari.pool.HikariPool        : HikariPool-11 - Added connection com.mysql.cj.jdbc.ConnectionImpl@6ac02687
2025-10-20T01:04:37.371+05:30  INFO 3648 --- [PAYROLL_MANAGEMENT_SYSTEM] [restartedMain] com.zaxxer.hikari.HikariDataSource       : HikariPool-11 - Start completed.
2025-10-20T01:04:37.374+05:30  WARN 3648 --- [PAYROLL_MANAGEMENT_SYSTEM] [restartedMain] org.hibernate.orm.deprecation            : HHH90000025: MySQLDialect does not need to be specified explicitly using 'hibernate.dialect' (remove the property setting and it will be selected by default)
2025-10-20T01:04:37.374+05:30  INFO 3648 --- [PAYROLL_MANAGEMENT_SYSTEM] [restartedMain] org.hibernate.orm.connections.pooling    : HHH10001005: Database info:
	Database JDBC URL [Connecting through datasource 'HikariDataSource (HikariPool-11)']
	Database driver: undefined/unknown
	Database version: 8.0.42
	Autocommit mode: undefined/unknown
	Isolation level: undefined/unknown
	Minimum pool size: undefined/unknown
	Maximum pool size: undefined/unknown
2025-10-20T01:04:37.803+05:30  INFO 3648 --- [PAYROLL_MANAGEMENT_SYSTEM] [restartedMain] o.h.e.t.j.p.i.JtaPlatformInitiator       : HHH000489: No JTA platform available (set 'hibernate.transaction.jta.platform' to enable JTA platform integration)
2025-10-20T01:04:37.888+05:30  INFO 3648 --- [PAYROLL_MANAGEMENT_SYSTEM] [restartedMain] j.LocalContainerEntityManagerFactoryBean : Initialized JPA EntityManagerFactory for persistence unit 'default'
2025-10-20T01:04:38.172+05:30  INFO 3648 --- [PAYROLL_MANAGEMENT_SYSTEM] [restartedMain] r$InitializeUserDetailsManagerConfigurer : Global AuthenticationManager configured with UserDetailsService bean with name customUserDetailsService
2025-10-20T01:04:38.444+05:30  WARN 3648 --- [PAYROLL_MANAGEMENT_SYSTEM] [restartedMain] JpaBaseConfiguration$JpaWebConfiguration : spring.jpa.open-in-view is enabled by default. Therefore, database queries may be performed during view rendering. Explicitly configure spring.jpa.open-in-view to disable this warning
2025-10-20T01:04:38.654+05:30 DEBUG 3648 --- [PAYROLL_MANAGEMENT_SYSTEM] [restartedMain] o.s.s.web.DefaultSecurityFilterChain     : Will secure any request with filters: DisableEncodeUrlFilter, WebAsyncManagerIntegrationFilter, SecurityContextHolderFilter, HeaderWriterFilter, CorsFilter, LogoutFilter, JwtAuthenticationFilter, RequestCacheAwareFilter, SecurityContextHolderAwareRequestFilter, AnonymousAuthenticationFilter, SessionManagementFilter, ExceptionTranslationFilter, AuthorizationFilter
2025-10-20T01:04:38.866+05:30  INFO 3648 --- [PAYROLL_MANAGEMENT_SYSTEM] [restartedMain] o.s.b.d.a.OptionalLiveReloadServer       : LiveReload server is running on port 35729
2025-10-20T01:04:38.887+05:30  INFO 3648 --- [PAYROLL_MANAGEMENT_SYSTEM] [restartedMain] o.s.b.w.embedded.tomcat.TomcatWebServer  : Tomcat started on port 8080 (http) with context path '/'
2025-10-20T01:04:38.892+05:30  INFO 3648 --- [PAYROLL_MANAGEMENT_SYSTEM] [restartedMain] c.p.PayrollManagementSystemApplication   : Started PayrollManagementSystemApplication in 2.552 seconds (process running for 3556.031)
2025-10-20T01:04:38.894+05:30  INFO 3648 --- [PAYROLL_MANAGEMENT_SYSTEM] [restartedMain] .ConditionEvaluationDeltaLoggingListener : Condition evaluation unchanged
2025-10-20T01:05:16.536+05:30  INFO 3648 --- [PAYROLL_MANAGEMENT_SYSTEM] [http-nio-8080-exec-2] o.a.c.c.C.[Tomcat-2].[localhost].[/]     : Initializing Spring DispatcherServlet 'dispatcherServlet'
2025-10-20T01:05:16.536+05:30  INFO 3648 --- [PAYROLL_MANAGEMENT_SYSTEM] [http-nio-8080-exec-2] o.s.web.servlet.DispatcherServlet        : Initializing Servlet 'dispatcherServlet'
2025-10-20T01:05:16.536+05:30  INFO 3648 --- [PAYROLL_MANAGEMENT_SYSTEM] [http-nio-8080-exec-2] o.s.web.servlet.DispatcherServlet        : Completed initialization in 0 ms
2025-10-20T01:05:16.536+05:30 DEBUG 3648 --- [PAYROLL_MANAGEMENT_SYSTEM] [http-nio-8080-exec-2] o.s.security.web.FilterChainProxy        : Securing POST /api/auth/login
2025-10-20T01:05:16.536+05:30  INFO 3648 --- [PAYROLL_MANAGEMENT_SYSTEM] [http-nio-8080-exec-2] c.p.security.JwtAuthenticationFilter     : 🔹 Incoming request: /api/auth/login
2025-10-20T01:05:16.536+05:30 DEBUG 3648 --- [PAYROLL_MANAGEMENT_SYSTEM] [http-nio-8080-exec-2] o.s.s.w.a.AnonymousAuthenticationFilter  : Set SecurityContextHolder to anonymous SecurityContext
2025-10-20T01:05:16.536+05:30 DEBUG 3648 --- [PAYROLL_MANAGEMENT_SYSTEM] [http-nio-8080-exec-2] o.s.security.web.FilterChainProxy        : Secured POST /api/auth/login
2025-10-20T01:05:16.551+05:30 DEBUG 3648 --- [PAYROLL_MANAGEMENT_SYSTEM] [http-nio-8080-exec-2] org.hibernate.SQL                        : select u1_0.id,u1_0.email,u1_0.organization_id,u1_0.password,u1_0.role,u1_0.username from user u1_0 where u1_0.username=?
2025-10-20T01:05:16.551+05:30 TRACE 3648 --- [PAYROLL_MANAGEMENT_SYSTEM] [http-nio-8080-exec-2] org.hibernate.orm.jdbc.bind              : binding parameter (1:VARCHAR) <- [marvel2]
2025-10-20T01:05:16.551+05:30 DEBUG 3648 --- [PAYROLL_MANAGEMENT_SYSTEM] [http-nio-8080-exec-2] org.hibernate.SQL                        : select o1_0.id,o1_0.address,o1_0.bank_id,b1_0.id,ba1_0.id,ba1_0.contact_number,ba1_0.email,ba1_0.name,ba1_0.password,ba1_0.user_id,b1_0.bank_name,b1_0.branch,b1_0.contact_number,o1_0.contact_email,o1_0.contact_phone,o1_0.document_url,o1_0.org_name,o1_0.registration_number,o1_0.verification_status,vb1_0.id,b2_0.id,b2_0.bank_name,b2_0.branch,b2_0.contact_number,vb1_0.contact_number,vb1_0.email,vb1_0.name,vb1_0.password,u2_0.id,u2_0.email,u2_0.organization_id,u2_0.password,u2_0.role,u2_0.username from organizations o1_0 join bank b1_0 on b1_0.id=o1_0.bank_id left join bank_admin ba1_0 on b1_0.id=ba1_0.bank_id left join bank_admin vb1_0 on vb1_0.id=o1_0.bank_admin_id left join bank b2_0 on b2_0.id=vb1_0.bank_id left join user u2_0 on u2_0.id=vb1_0.user_id where o1_0.id=?
2025-10-20T01:05:16.551+05:30 TRACE 3648 --- [PAYROLL_MANAGEMENT_SYSTEM] [http-nio-8080-exec-2] org.hibernate.orm.jdbc.bind              : binding parameter (1:BIGINT) <- [1]
2025-10-20T01:05:16.730+05:30 DEBUG 3648 --- [PAYROLL_MANAGEMENT_SYSTEM] [http-nio-8080-exec-2] org.hibernate.SQL                        : select u1_0.id,u1_0.email,u1_0.organization_id,u1_0.password,u1_0.role,u1_0.username from user u1_0 where u1_0.username=?
2025-10-20T01:05:16.730+05:30 TRACE 3648 --- [PAYROLL_MANAGEMENT_SYSTEM] [http-nio-8080-exec-2] org.hibernate.orm.jdbc.bind              : binding parameter (1:VARCHAR) <- [marvel2]
2025-10-20T01:05:16.844+05:30 DEBUG 3648 --- [PAYROLL_MANAGEMENT_SYSTEM] [http-nio-8080-exec-2] o.s.s.a.dao.DaoAuthenticationProvider    : Authenticated user
2025-10-20T01:05:58.813+05:30 DEBUG 3648 --- [PAYROLL_MANAGEMENT_SYSTEM] [http-nio-8080-exec-3] o.s.security.web.FilterChainProxy        : Securing POST /api/employees/change-password
2025-10-20T01:05:58.813+05:30  INFO 3648 --- [PAYROLL_MANAGEMENT_SYSTEM] [http-nio-8080-exec-3] c.p.security.JwtAuthenticationFilter     : 🔹 Incoming request: /api/employees/change-password
2025-10-20T01:05:58.821+05:30  INFO 3648 --- [PAYROLL_MANAGEMENT_SYSTEM] [http-nio-8080-exec-3] c.p.security.JwtAuthenticationFilter     : 🔹 Extracted username from JWT: marvel2
2025-10-20T01:05:58.866+05:30 DEBUG 3648 --- [PAYROLL_MANAGEMENT_SYSTEM] [http-nio-8080-exec-3] org.hibernate.SQL                        : select u1_0.id,u1_0.email,u1_0.organization_id,u1_0.password,u1_0.role,u1_0.username from user u1_0 where u1_0.username=?
2025-10-20T01:05:58.866+05:30 TRACE 3648 --- [PAYROLL_MANAGEMENT_SYSTEM] [http-nio-8080-exec-3] org.hibernate.orm.jdbc.bind              : binding parameter (1:VARCHAR) <- [marvel2]
2025-10-20T01:05:58.872+05:30 DEBUG 3648 --- [PAYROLL_MANAGEMENT_SYSTEM] [http-nio-8080-exec-3] org.hibernate.SQL                        : select o1_0.id,o1_0.address,o1_0.bank_id,b1_0.id,ba1_0.id,ba1_0.contact_number,ba1_0.email,ba1_0.name,ba1_0.password,ba1_0.user_id,b1_0.bank_name,b1_0.branch,b1_0.contact_number,o1_0.contact_email,o1_0.contact_phone,o1_0.document_url,o1_0.org_name,o1_0.registration_number,o1_0.verification_status,vb1_0.id,b2_0.id,b2_0.bank_name,b2_0.branch,b2_0.contact_number,vb1_0.contact_number,vb1_0.email,vb1_0.name,vb1_0.password,u2_0.id,u2_0.email,u2_0.organization_id,u2_0.password,u2_0.role,u2_0.username from organizations o1_0 join bank b1_0 on b1_0.id=o1_0.bank_id left join bank_admin ba1_0 on b1_0.id=ba1_0.bank_id left join bank_admin vb1_0 on vb1_0.id=o1_0.bank_admin_id left join bank b2_0 on b2_0.id=vb1_0.bank_id left join user u2_0 on u2_0.id=vb1_0.user_id where o1_0.id=?
2025-10-20T01:05:58.872+05:30 TRACE 3648 --- [PAYROLL_MANAGEMENT_SYSTEM] [http-nio-8080-exec-3] org.hibernate.orm.jdbc.bind              : binding parameter (1:BIGINT) <- [1]
2025-10-20T01:05:58.872+05:30  INFO 3648 --- [PAYROLL_MANAGEMENT_SYSTEM] [http-nio-8080-exec-3] c.p.security.JwtAuthenticationFilter     : 🔹 Loaded user details for: marvel2
2025-10-20T01:05:58.872+05:30  INFO 3648 --- [PAYROLL_MANAGEMENT_SYSTEM] [http-nio-8080-exec-3] c.p.security.JwtAuthenticationFilter     : ✅ JWT validated successfully for marvel2
2025-10-20T01:05:58.872+05:30 DEBUG 3648 --- [PAYROLL_MANAGEMENT_SYSTEM] [http-nio-8080-exec-3] o.s.security.web.FilterChainProxy        : Secured POST /api/employees/change-password
2025-10-20T01:05:58.881+05:30 DEBUG 3648 --- [PAYROLL_MANAGEMENT_SYSTEM] [http-nio-8080-exec-3] org.hibernate.SQL                        : select e1_0.id,e1_0.account_number,e1_0.bank_name,e1_0.department,e1_0.designation,e1_0.document_url,e1_0.email,e1_0.full_name,e1_0.ifsc_code,e1_0.organization_id,e1_0.password,e1_0.salary_structure_id,e1_0.username,e1_0.verification_status from employee e1_0 where e1_0.username=?
2025-10-20T01:05:58.881+05:30 TRACE 3648 --- [PAYROLL_MANAGEMENT_SYSTEM] [http-nio-8080-exec-3] org.hibernate.orm.jdbc.bind              : binding parameter (1:VARCHAR) <- [marvel2]
2025-10-20T01:05:58.889+05:30 DEBUG 3648 --- [PAYROLL_MANAGEMENT_SYSTEM] [http-nio-8080-exec-3] org.hibernate.SQL                        : select o1_0.id,o1_0.address,o1_0.bank_id,b1_0.id,ba1_0.id,ba1_0.contact_number,ba1_0.email,ba1_0.name,ba1_0.password,ba1_0.user_id,b1_0.bank_name,b1_0.branch,b1_0.contact_number,o1_0.contact_email,o1_0.contact_phone,o1_0.document_url,o1_0.org_name,o1_0.registration_number,o1_0.verification_status,vb1_0.id,b2_0.id,b2_0.bank_name,b2_0.branch,b2_0.contact_number,vb1_0.contact_number,vb1_0.email,vb1_0.name,vb1_0.password,u2_0.id,u2_0.email,u2_0.organization_id,u2_0.password,u2_0.role,u2_0.username from organizations o1_0 join bank b1_0 on b1_0.id=o1_0.bank_id left join bank_admin ba1_0 on b1_0.id=ba1_0.bank_id left join bank_admin vb1_0 on vb1_0.id=o1_0.bank_admin_id left join bank b2_0 on b2_0.id=vb1_0.bank_id left join user u2_0 on u2_0.id=vb1_0.user_id where o1_0.id=?
2025-10-20T01:05:58.889+05:30 TRACE 3648 --- [PAYROLL_MANAGEMENT_SYSTEM] [http-nio-8080-exec-3] org.hibernate.orm.jdbc.bind              : binding parameter (1:BIGINT) <- [1]
2025-10-20T01:05:58.892+05:30 DEBUG 3648 --- [PAYROLL_MANAGEMENT_SYSTEM] [http-nio-8080-exec-3] org.hibernate.SQL                        : select ss1_0.id,ss1_0.allowances,ss1_0.basic,ss1_0.da,ss1_0.employee_id,e1_0.id,e1_0.account_number,e1_0.bank_name,e1_0.department,e1_0.designation,e1_0.document_url,e1_0.email,e1_0.full_name,e1_0.ifsc_code,e1_0.organization_id,o1_0.id,o1_0.address,o1_0.bank_id,o1_0.contact_email,o1_0.contact_phone,o1_0.document_url,o1_0.org_name,o1_0.registration_number,o1_0.verification_status,o1_0.bank_admin_id,e1_0.password,ss2_0.id,ss2_0.allowances,ss2_0.basic,ss2_0.da,ss2_0.employee_id,ss2_0.hra,ss2_0.net_salary,ss2_0.pf,e1_0.username,e1_0.verification_status,ss1_0.hra,ss1_0.net_salary,ss1_0.pf from salary_structures ss1_0 join employee e1_0 on e1_0.id=ss1_0.employee_id join organizations o1_0 on o1_0.id=e1_0.organization_id left join salary_structures ss2_0 on ss2_0.id=e1_0.salary_structure_id where ss1_0.id=?
2025-10-20T01:05:58.892+05:30 TRACE 3648 --- [PAYROLL_MANAGEMENT_SYSTEM] [http-nio-8080-exec-3] org.hibernate.orm.jdbc.bind              : binding parameter (1:BIGINT) <- [2]
2025-10-20T01:05:59.020+05:30  WARN 3648 --- [PAYROLL_MANAGEMENT_SYSTEM] [http-nio-8080-exec-3] .m.m.a.ExceptionHandlerExceptionResolver : Resolved [java.lang.RuntimeException: Old password is incorrect]
2025-10-20T01:06:33.204+05:30 DEBUG 3648 --- [PAYROLL_MANAGEMENT_SYSTEM] [http-nio-8080-exec-5] o.s.security.web.FilterChainProxy        : Securing POST /api/employees/change-password
2025-10-20T01:06:33.204+05:30  INFO 3648 --- [PAYROLL_MANAGEMENT_SYSTEM] [http-nio-8080-exec-5] c.p.security.JwtAuthenticationFilter     : 🔹 Incoming request: /api/employees/change-password
2025-10-20T01:06:33.204+05:30  INFO 3648 --- [PAYROLL_MANAGEMENT_SYSTEM] [http-nio-8080-exec-5] c.p.security.JwtAuthenticationFilter     : 🔹 Extracted username from JWT: marvel2
2025-10-20T01:06:33.210+05:30 DEBUG 3648 --- [PAYROLL_MANAGEMENT_SYSTEM] [http-nio-8080-exec-5] org.hibernate.SQL                        : select u1_0.id,u1_0.email,u1_0.organization_id,u1_0.password,u1_0.role,u1_0.username from user u1_0 where u1_0.username=?
2025-10-20T01:06:33.210+05:30 TRACE 3648 --- [PAYROLL_MANAGEMENT_SYSTEM] [http-nio-8080-exec-5] org.hibernate.orm.jdbc.bind              : binding parameter (1:VARCHAR) <- [marvel2]
2025-10-20T01:06:33.210+05:30 DEBUG 3648 --- [PAYROLL_MANAGEMENT_SYSTEM] [http-nio-8080-exec-5] org.hibernate.SQL                        : select o1_0.id,o1_0.address,o1_0.bank_id,b1_0.id,ba1_0.id,ba1_0.contact_number,ba1_0.email,ba1_0.name,ba1_0.password,ba1_0.user_id,b1_0.bank_name,b1_0.branch,b1_0.contact_number,o1_0.contact_email,o1_0.contact_phone,o1_0.document_url,o1_0.org_name,o1_0.registration_number,o1_0.verification_status,vb1_0.id,b2_0.id,b2_0.bank_name,b2_0.branch,b2_0.contact_number,vb1_0.contact_number,vb1_0.email,vb1_0.name,vb1_0.password,u2_0.id,u2_0.email,u2_0.organization_id,u2_0.password,u2_0.role,u2_0.username from organizations o1_0 join bank b1_0 on b1_0.id=o1_0.bank_id left join bank_admin ba1_0 on b1_0.id=ba1_0.bank_id left join bank_admin vb1_0 on vb1_0.id=o1_0.bank_admin_id left join bank b2_0 on b2_0.id=vb1_0.bank_id left join user u2_0 on u2_0.id=vb1_0.user_id where o1_0.id=?
2025-10-20T01:06:33.210+05:30 TRACE 3648 --- [PAYROLL_MANAGEMENT_SYSTEM] [http-nio-8080-exec-5] org.hibernate.orm.jdbc.bind              : binding parameter (1:BIGINT) <- [1]
2025-10-20T01:06:33.217+05:30  INFO 3648 --- [PAYROLL_MANAGEMENT_SYSTEM] [http-nio-8080-exec-5] c.p.security.JwtAuthenticationFilter     : 🔹 Loaded user details for: marvel2
2025-10-20T01:06:33.220+05:30  INFO 3648 --- [PAYROLL_MANAGEMENT_SYSTEM] [http-nio-8080-exec-5] c.p.security.JwtAuthenticationFilter     : ✅ JWT validated successfully for marvel2
2025-10-20T01:06:33.220+05:30 DEBUG 3648 --- [PAYROLL_MANAGEMENT_SYSTEM] [http-nio-8080-exec-5] o.s.security.web.FilterChainProxy        : Secured POST /api/employees/change-password
2025-10-20T01:06:33.220+05:30 DEBUG 3648 --- [PAYROLL_MANAGEMENT_SYSTEM] [http-nio-8080-exec-5] org.hibernate.SQL                        : select e1_0.id,e1_0.account_number,e1_0.bank_name,e1_0.department,e1_0.designation,e1_0.document_url,e1_0.email,e1_0.full_name,e1_0.ifsc_code,e1_0.organization_id,e1_0.password,e1_0.salary_structure_id,e1_0.username,e1_0.verification_status from employee e1_0 where e1_0.username=?
2025-10-20T01:06:33.220+05:30 TRACE 3648 --- [PAYROLL_MANAGEMENT_SYSTEM] [http-nio-8080-exec-5] org.hibernate.orm.jdbc.bind              : binding parameter (1:VARCHAR) <- [marvel2]
2025-10-20T01:06:33.220+05:30 DEBUG 3648 --- [PAYROLL_MANAGEMENT_SYSTEM] [http-nio-8080-exec-5] org.hibernate.SQL                        : select o1_0.id,o1_0.address,o1_0.bank_id,b1_0.id,ba1_0.id,ba1_0.contact_number,ba1_0.email,ba1_0.name,ba1_0.password,ba1_0.user_id,b1_0.bank_name,b1_0.branch,b1_0.contact_number,o1_0.contact_email,o1_0.contact_phone,o1_0.document_url,o1_0.org_name,o1_0.registration_number,o1_0.verification_status,vb1_0.id,b2_0.id,b2_0.bank_name,b2_0.branch,b2_0.contact_number,vb1_0.contact_number,vb1_0.email,vb1_0.name,vb1_0.password,u2_0.id,u2_0.email,u2_0.organization_id,u2_0.password,u2_0.role,u2_0.username from organizations o1_0 join bank b1_0 on b1_0.id=o1_0.bank_id left join bank_admin ba1_0 on b1_0.id=ba1_0.bank_id left join bank_admin vb1_0 on vb1_0.id=o1_0.bank_admin_id left join bank b2_0 on b2_0.id=vb1_0.bank_id left join user u2_0 on u2_0.id=vb1_0.user_id where o1_0.id=?
2025-10-20T01:06:33.227+05:30 TRACE 3648 --- [PAYROLL_MANAGEMENT_SYSTEM] [http-nio-8080-exec-5] org.hibernate.orm.jdbc.bind              : binding parameter (1:BIGINT) <- [1]
2025-10-20T01:06:33.227+05:30 DEBUG 3648 --- [PAYROLL_MANAGEMENT_SYSTEM] [http-nio-8080-exec-5] org.hibernate.SQL                        : select ss1_0.id,ss1_0.allowances,ss1_0.basic,ss1_0.da,ss1_0.employee_id,e1_0.id,e1_0.account_number,e1_0.bank_name,e1_0.department,e1_0.designation,e1_0.document_url,e1_0.email,e1_0.full_name,e1_0.ifsc_code,e1_0.organization_id,o1_0.id,o1_0.address,o1_0.bank_id,o1_0.contact_email,o1_0.contact_phone,o1_0.document_url,o1_0.org_name,o1_0.registration_number,o1_0.verification_status,o1_0.bank_admin_id,e1_0.password,ss2_0.id,ss2_0.allowances,ss2_0.basic,ss2_0.da,ss2_0.employee_id,ss2_0.hra,ss2_0.net_salary,ss2_0.pf,e1_0.username,e1_0.verification_status,ss1_0.hra,ss1_0.net_salary,ss1_0.pf from salary_structures ss1_0 join employee e1_0 on e1_0.id=ss1_0.employee_id join organizations o1_0 on o1_0.id=e1_0.organization_id left join salary_structures ss2_0 on ss2_0.id=e1_0.salary_structure_id where ss1_0.id=?
2025-10-20T01:06:33.227+05:30 TRACE 3648 --- [PAYROLL_MANAGEMENT_SYSTEM] [http-nio-8080-exec-5] org.hibernate.orm.jdbc.bind              : binding parameter (1:BIGINT) <- [2]
2025-10-20T01:06:33.475+05:30 DEBUG 3648 --- [PAYROLL_MANAGEMENT_SYSTEM] [http-nio-8080-exec-5] org.hibernate.SQL                        : update employee set account_number=?,bank_name=?,department=?,designation=?,document_url=?,email=?,full_name=?,ifsc_code=?,organization_id=?,password=?,salary_structure_id=?,username=?,verification_status=? where id=?
2025-10-20T01:06:33.475+05:30 TRACE 3648 --- [PAYROLL_MANAGEMENT_SYSTEM] [http-nio-8080-exec-5] org.hibernate.orm.jdbc.bind              : binding parameter (1:VARCHAR) <- [9976544410]
2025-10-20T01:06:33.475+05:30 TRACE 3648 --- [PAYROLL_MANAGEMENT_SYSTEM] [http-nio-8080-exec-5] org.hibernate.orm.jdbc.bind              : binding parameter (2:VARCHAR) <- [National Bank of India]
2025-10-20T01:06:33.475+05:30 TRACE 3648 --- [PAYROLL_MANAGEMENT_SYSTEM] [http-nio-8080-exec-5] org.hibernate.orm.jdbc.bind              : binding parameter (3:VARCHAR) <- [IT]
2025-10-20T01:06:33.475+05:30 TRACE 3648 --- [PAYROLL_MANAGEMENT_SYSTEM] [http-nio-8080-exec-5] org.hibernate.orm.jdbc.bind              : binding parameter (4:VARCHAR) <- [Developer]
2025-10-20T01:06:33.475+05:30 TRACE 3648 --- [PAYROLL_MANAGEMENT_SYSTEM] [http-nio-8080-exec-5] org.hibernate.orm.jdbc.bind              : binding parameter (5:VARCHAR) <- [https://res.cloudinary.com/dftrdgj0r/raw/upload/v1760899752/employee_docs/ylylg7xn7jtzgfamrzpq]
2025-10-20T01:06:33.475+05:30 TRACE 3648 --- [PAYROLL_MANAGEMENT_SYSTEM] [http-nio-8080-exec-5] org.hibernate.orm.jdbc.bind              : binding parameter (6:VARCHAR) <- [mustafaabhagat5252@gmail.com]
2025-10-20T01:06:33.475+05:30 TRACE 3648 --- [PAYROLL_MANAGEMENT_SYSTEM] [http-nio-8080-exec-5] org.hibernate.orm.jdbc.bind              : binding parameter (7:VARCHAR) <- [Hero]
2025-10-20T01:06:33.475+05:30 TRACE 3648 --- [PAYROLL_MANAGEMENT_SYSTEM] [http-nio-8080-exec-5] org.hibernate.orm.jdbc.bind              : binding parameter (8:VARCHAR) <- [NBOI0001234]
2025-10-20T01:06:33.475+05:30 TRACE 3648 --- [PAYROLL_MANAGEMENT_SYSTEM] [http-nio-8080-exec-5] org.hibernate.orm.jdbc.bind              : binding parameter (9:BIGINT) <- [1]
2025-10-20T01:06:33.475+05:30 TRACE 3648 --- [PAYROLL_MANAGEMENT_SYSTEM] [http-nio-8080-exec-5] org.hibernate.orm.jdbc.bind              : binding parameter (10:VARCHAR) <- [$2a$10$sytVeewy6vIj.PZGBpWjZeDUJXFUTWc5DYZVJfxCzdTKYnxhOygTu]
2025-10-20T01:06:33.475+05:30 TRACE 3648 --- [PAYROLL_MANAGEMENT_SYSTEM] [http-nio-8080-exec-5] org.hibernate.orm.jdbc.bind              : binding parameter (11:BIGINT) <- [2]
2025-10-20T01:06:33.475+05:30 TRACE 3648 --- [PAYROLL_MANAGEMENT_SYSTEM] [http-nio-8080-exec-5] org.hibernate.orm.jdbc.bind              : binding parameter (12:VARCHAR) <- [marvel2]
2025-10-20T01:06:33.475+05:30 TRACE 3648 --- [PAYROLL_MANAGEMENT_SYSTEM] [http-nio-8080-exec-5] org.hibernate.orm.jdbc.bind              : binding parameter (13:ENUM) <- [APPROVED]
2025-10-20T01:06:33.475+05:30 TRACE 3648 --- [PAYROLL_MANAGEMENT_SYSTEM] [http-nio-8080-exec-5] org.hibernate.orm.jdbc.bind              : binding parameter (14:BIGINT) <- [2]
2025-10-20T01:06:38.475+05:30 DEBUG 3648 --- [PAYROLL_MANAGEMENT_SYSTEM] [http-nio-8080-exec-5] org.hibernate.SQL                        : select sp1_0.employee_id,sp1_0.id,sp1_0.amount,sp1_0.organization_id,o1_0.id,o1_0.address,o1_0.bank_id,b1_0.id,b1_0.bank_name,b1_0.branch,b1_0.contact_number,o1_0.contact_email,o1_0.contact_phone,o1_0.document_url,o1_0.org_name,o1_0.registration_number,o1_0.verification_status,vb1_0.id,vb1_0.bank_id,vb1_0.contact_number,vb1_0.email,vb1_0.name,vb1_0.password,vb1_0.user_id,sp1_0.payment_date,sp1_0.remarks,sp1_0.salary_month,sp1_0.status,vb2_0.id,b3_0.id,b3_0.bank_name,b3_0.branch,b3_0.contact_number,vb2_0.contact_number,vb2_0.email,vb2_0.name,vb2_0.password,u2_0.id,u2_0.email,u2_0.organization_id,u2_0.password,u2_0.role,u2_0.username from salary_payments sp1_0 left join organizations o1_0 on o1_0.id=sp1_0.organization_id left join bank b1_0 on b1_0.id=o1_0.bank_id left join bank_admin vb1_0 on vb1_0.id=o1_0.bank_admin_id left join bank_admin vb2_0 on vb2_0.id=sp1_0.verified_by_admin_id left join bank b3_0 on b3_0.id=vb2_0.bank_id left join user u2_0 on u2_0.id=vb2_0.user_id where sp1_0.employee_id=?
2025-10-20T01:06:38.475+05:30 TRACE 3648 --- [PAYROLL_MANAGEMENT_SYSTEM] [http-nio-8080-exec-5] org.hibernate.orm.jdbc.bind              : binding parameter (1:BIGINT) <- [2]
2025-10-20T01:06:38.488+05:30 DEBUG 3648 --- [PAYROLL_MANAGEMENT_SYSTEM] [http-nio-8080-exec-5] org.hibernate.SQL                        : select c1_0.raised_by_employee_id,c1_0.id,c1_0.created_at,hb1_0.id,b1_0.id,b1_0.bank_name,b1_0.branch,b1_0.contact_number,hb1_0.contact_number,hb1_0.email,hb1_0.name,hb1_0.password,u1_0.id,u1_0.email,u1_0.organization_id,u1_0.password,u1_0.role,u1_0.username,c1_0.message,rbo1_0.id,rbo1_0.address,rbo1_0.bank_id,b2_0.id,b2_0.bank_name,b2_0.branch,b2_0.contact_number,rbo1_0.contact_email,rbo1_0.contact_phone,rbo1_0.document_url,rbo1_0.org_name,rbo1_0.registration_number,rbo1_0.verification_status,vb1_0.id,vb1_0.bank_id,vb1_0.contact_number,vb1_0.email,vb1_0.name,vb1_0.password,vb1_0.user_id,c1_0.resolution_remarks,c1_0.resolved_at,c1_0.status,c1_0.subject from concerns c1_0 left join bank_admin hb1_0 on hb1_0.id=c1_0.handled_by_admin_id left join bank b1_0 on b1_0.id=hb1_0.bank_id left join user u1_0 on u1_0.id=hb1_0.user_id left join organizations rbo1_0 on rbo1_0.id=c1_0.raised_by_organization_id left join bank b2_0 on b2_0.id=rbo1_0.bank_id left join bank_admin vb1_0 on vb1_0.id=rbo1_0.bank_admin_id where c1_0.raised_by_employee_id=?
2025-10-20T01:06:38.490+05:30 TRACE 3648 --- [PAYROLL_MANAGEMENT_SYSTEM] [http-nio-8080-exec-5] org.hibernate.orm.jdbc.bind              : binding parameter (1:BIGINT) <- [2]
2025-10-20T01:07:00.877+05:30 DEBUG 3648 --- [PAYROLL_MANAGEMENT_SYSTEM] [http-nio-8080-exec-6] o.s.security.web.FilterChainProxy        : Securing POST /api/auth/login
2025-10-20T01:07:00.877+05:30  INFO 3648 --- [PAYROLL_MANAGEMENT_SYSTEM] [http-nio-8080-exec-6] c.p.security.JwtAuthenticationFilter     : 🔹 Incoming request: /api/auth/login
2025-10-20T01:07:00.877+05:30 DEBUG 3648 --- [PAYROLL_MANAGEMENT_SYSTEM] [http-nio-8080-exec-6] o.s.s.w.a.AnonymousAuthenticationFilter  : Set SecurityContextHolder to anonymous SecurityContext
2025-10-20T01:07:00.877+05:30 DEBUG 3648 --- [PAYROLL_MANAGEMENT_SYSTEM] [http-nio-8080-exec-6] o.s.security.web.FilterChainProxy        : Secured POST /api/auth/login
2025-10-20T01:07:00.883+05:30 DEBUG 3648 --- [PAYROLL_MANAGEMENT_SYSTEM] [http-nio-8080-exec-6] org.hibernate.SQL                        : select u1_0.id,u1_0.email,u1_0.organization_id,u1_0.password,u1_0.role,u1_0.username from user u1_0 where u1_0.username=?
2025-10-20T01:07:00.883+05:30 TRACE 3648 --- [PAYROLL_MANAGEMENT_SYSTEM] [http-nio-8080-exec-6] org.hibernate.orm.jdbc.bind              : binding parameter (1:VARCHAR) <- [marvel2]
2025-10-20T01:07:00.886+05:30 DEBUG 3648 --- [PAYROLL_MANAGEMENT_SYSTEM] [http-nio-8080-exec-6] org.hibernate.SQL                        : select o1_0.id,o1_0.address,o1_0.bank_id,b1_0.id,ba1_0.id,ba1_0.contact_number,ba1_0.email,ba1_0.name,ba1_0.password,ba1_0.user_id,b1_0.bank_name,b1_0.branch,b1_0.contact_number,o1_0.contact_email,o1_0.contact_phone,o1_0.document_url,o1_0.org_name,o1_0.registration_number,o1_0.verification_status,vb1_0.id,b2_0.id,b2_0.bank_name,b2_0.branch,b2_0.contact_number,vb1_0.contact_number,vb1_0.email,vb1_0.name,vb1_0.password,u2_0.id,u2_0.email,u2_0.organization_id,u2_0.password,u2_0.role,u2_0.username from organizations o1_0 join bank b1_0 on b1_0.id=o1_0.bank_id left join bank_admin ba1_0 on b1_0.id=ba1_0.bank_id left join bank_admin vb1_0 on vb1_0.id=o1_0.bank_admin_id left join bank b2_0 on b2_0.id=vb1_0.bank_id left join user u2_0 on u2_0.id=vb1_0.user_id where o1_0.id=?
2025-10-20T01:07:00.886+05:30 TRACE 3648 --- [PAYROLL_MANAGEMENT_SYSTEM] [http-nio-8080-exec-6] org.hibernate.orm.jdbc.bind              : binding parameter (1:BIGINT) <- [1]
2025-10-20T01:07:00.886+05:30 DEBUG 3648 --- [PAYROLL_MANAGEMENT_SYSTEM] [http-nio-8080-exec-6] org.hibernate.SQL                        : select u1_0.id,u1_0.email,u1_0.organization_id,u1_0.password,u1_0.role,u1_0.username from user u1_0 where u1_0.username=?
2025-10-20T01:07:00.891+05:30 TRACE 3648 --- [PAYROLL_MANAGEMENT_SYSTEM] [http-nio-8080-exec-6] org.hibernate.orm.jdbc.bind              : binding parameter (1:VARCHAR) <- [marvel2]
2025-10-20T01:07:01.014+05:30 DEBUG 3648 --- [PAYROLL_MANAGEMENT_SYSTEM] [http-nio-8080-exec-6] o.s.s.a.dao.DaoAuthenticationProvider    : Failed to authenticate since password does not match stored value
2025-10-20T01:07:01.016+05:30 DEBUG 3648 --- [PAYROLL_MANAGEMENT_SYSTEM] [http-nio-8080-exec-6] o.s.s.authentication.ProviderManager     : Authentication failed with provider DaoAuthenticationProvider since Bad credentials
2025-10-20T01:07:30.502+05:30 DEBUG 3648 --- [PAYROLL_MANAGEMENT_SYSTEM] [http-nio-8080-exec-7] o.s.security.web.FilterChainProxy        : Securing POST /api/auth/login
2025-10-20T01:07:30.502+05:30  INFO 3648 --- [PAYROLL_MANAGEMENT_SYSTEM] [http-nio-8080-exec-7] c.p.security.JwtAuthenticationFilter     : 🔹 Incoming request: /api/auth/login
2025-10-20T01:07:30.502+05:30 DEBUG 3648 --- [PAYROLL_MANAGEMENT_SYSTEM] [http-nio-8080-exec-7] o.s.s.w.a.AnonymousAuthenticationFilter  : Set SecurityContextHolder to anonymous SecurityContext
2025-10-20T01:07:30.502+05:30 DEBUG 3648 --- [PAYROLL_MANAGEMENT_SYSTEM] [http-nio-8080-exec-7] o.s.security.web.FilterChainProxy        : Secured POST /api/auth/login
2025-10-20T01:07:30.508+05:30 DEBUG 3648 --- [PAYROLL_MANAGEMENT_SYSTEM] [http-nio-8080-exec-7] org.hibernate.SQL                        : select u1_0.id,u1_0.email,u1_0.organization_id,u1_0.password,u1_0.role,u1_0.username from user u1_0 where u1_0.username=?
2025-10-20T01:07:30.510+05:30 TRACE 3648 --- [PAYROLL_MANAGEMENT_SYSTEM] [http-nio-8080-exec-7] org.hibernate.orm.jdbc.bind              : binding parameter (1:VARCHAR) <- [mustafaabhagat5252]
2025-10-20T01:07:30.514+05:30 DEBUG 3648 --- [PAYROLL_MANAGEMENT_SYSTEM] [http-nio-8080-exec-7] org.hibernate.SQL                        : select e1_0.id,e1_0.account_number,e1_0.bank_name,e1_0.department,e1_0.designation,e1_0.document_url,e1_0.email,e1_0.full_name,e1_0.ifsc_code,e1_0.organization_id,e1_0.password,e1_0.salary_structure_id,e1_0.username,e1_0.verification_status from employee e1_0 where e1_0.username=?
2025-10-20T01:07:30.514+05:30 TRACE 3648 --- [PAYROLL_MANAGEMENT_SYSTEM] [http-nio-8080-exec-7] org.hibernate.orm.jdbc.bind              : binding parameter (1:VARCHAR) <- [mustafaabhagat5252]
2025-10-20T01:10:23.716+05:30  INFO 3648 --- [PAYROLL_MANAGEMENT_SYSTEM] [File Watcher] rtingClassPathChangeChangedEventListener : Restarting due to 1 class path change (0 additions, 0 deletions, 1 modification)
2025-10-20T01:10:23.718+05:30  INFO 3648 --- [PAYROLL_MANAGEMENT_SYSTEM] [Thread-41] o.s.b.w.e.tomcat.GracefulShutdown        : Commencing graceful shutdown. Waiting for active requests to complete
2025-10-20T01:10:23.725+05:30  INFO 3648 --- [PAYROLL_MANAGEMENT_SYSTEM] [tomcat-shutdown] o.s.b.w.e.tomcat.GracefulShutdown        : Graceful shutdown complete
2025-10-20T01:10:23.729+05:30  INFO 3648 --- [PAYROLL_MANAGEMENT_SYSTEM] [Thread-41] j.LocalContainerEntityManagerFactoryBean : Closing JPA EntityManagerFactory for persistence unit 'default'
2025-10-20T01:10:23.731+05:30  INFO 3648 --- [PAYROLL_MANAGEMENT_SYSTEM] [Thread-41] com.zaxxer.hikari.HikariDataSource       : HikariPool-11 - Shutdown initiated...
2025-10-20T01:10:23.735+05:30  INFO 3648 --- [PAYROLL_MANAGEMENT_SYSTEM] [Thread-41] com.zaxxer.hikari.HikariDataSource       : HikariPool-11 - Shutdown completed.
2025-10-20T01:10:23.940+05:30  INFO 3648 --- [PAYROLL_MANAGEMENT_SYSTEM] [restartedMain] c.p.PayrollManagementSystemApplication   : Starting PayrollManagementSystemApplication using Java 21.0.3 with PID 3648 (D:\JAVA_TRAINING\CAPSTONE_PROJECT\PAYROLL_MANAGEMENT_SYSTEM\target\classes started by mustafa.bhagat in D:\JAVA_TRAINING\CAPSTONE_PROJECT\PAYROLL_MANAGEMENT_SYSTEM)
2025-10-20T01:10:23.940+05:30  INFO 3648 --- [PAYROLL_MANAGEMENT_SYSTEM] [restartedMain] c.p.PayrollManagementSystemApplication   : No active profile set, falling back to 1 default profile: "default"
2025-10-20T01:10:24.293+05:30  INFO 3648 --- [PAYROLL_MANAGEMENT_SYSTEM] [restartedMain] .s.d.r.c.RepositoryConfigurationDelegate : Bootstrapping Spring Data JPA repositories in DEFAULT mode.
2025-10-20T01:10:24.353+05:30  INFO 3648 --- [PAYROLL_MANAGEMENT_SYSTEM] [restartedMain] .s.d.r.c.RepositoryConfigurationDelegate : Finished Spring Data repository scanning in 57 ms. Found 12 JPA repository interfaces.
2025-10-20T01:10:24.553+05:30  INFO 3648 --- [PAYROLL_MANAGEMENT_SYSTEM] [restartedMain] o.s.b.w.embedded.tomcat.TomcatWebServer  : Tomcat initialized with port 8080 (http)
2025-10-20T01:10:24.556+05:30  INFO 3648 --- [PAYROLL_MANAGEMENT_SYSTEM] [restartedMain] o.apache.catalina.core.StandardService   : Starting service [Tomcat]
2025-10-20T01:10:24.556+05:30  INFO 3648 --- [PAYROLL_MANAGEMENT_SYSTEM] [restartedMain] o.apache.catalina.core.StandardEngine    : Starting Servlet engine: [Apache Tomcat/10.1.46]
2025-10-20T01:10:24.635+05:30  INFO 3648 --- [PAYROLL_MANAGEMENT_SYSTEM] [restartedMain] o.a.c.c.C.[Tomcat-2].[localhost].[/]     : Initializing Spring embedded WebApplicationContext
2025-10-20T01:10:24.635+05:30  INFO 3648 --- [PAYROLL_MANAGEMENT_SYSTEM] [restartedMain] w.s.c.ServletWebServerApplicationContext : Root WebApplicationContext: initialization completed in 691 ms
2025-10-20T01:10:24.703+05:30  INFO 3648 --- [PAYROLL_MANAGEMENT_SYSTEM] [restartedMain] o.hibernate.jpa.internal.util.LogHelper  : HHH000204: Processing PersistenceUnitInfo [name: default]
2025-10-20T01:10:24.707+05:30  INFO 3648 --- [PAYROLL_MANAGEMENT_SYSTEM] [restartedMain] o.h.c.internal.RegionFactoryInitiator    : HHH000026: Second-level cache disabled
2025-10-20T01:10:24.721+05:30  INFO 3648 --- [PAYROLL_MANAGEMENT_SYSTEM] [restartedMain] o.s.o.j.p.SpringPersistenceUnitInfo      : No LoadTimeWeaver setup: ignoring JPA class transformer
2025-10-20T01:10:24.723+05:30  INFO 3648 --- [PAYROLL_MANAGEMENT_SYSTEM] [restartedMain] com.zaxxer.hikari.HikariDataSource       : HikariPool-12 - Starting...
2025-10-20T01:10:24.730+05:30  INFO 3648 --- [PAYROLL_MANAGEMENT_SYSTEM] [restartedMain] com.zaxxer.hikari.pool.HikariPool        : HikariPool-12 - Added connection com.mysql.cj.jdbc.ConnectionImpl@37505d45
2025-10-20T01:10:24.731+05:30  INFO 3648 --- [PAYROLL_MANAGEMENT_SYSTEM] [restartedMain] com.zaxxer.hikari.HikariDataSource       : HikariPool-12 - Start completed.
2025-10-20T01:10:24.732+05:30  WARN 3648 --- [PAYROLL_MANAGEMENT_SYSTEM] [restartedMain] org.hibernate.orm.deprecation            : HHH90000025: MySQLDialect does not need to be specified explicitly using 'hibernate.dialect' (remove the property setting and it will be selected by default)
2025-10-20T01:10:24.733+05:30  INFO 3648 --- [PAYROLL_MANAGEMENT_SYSTEM] [restartedMain] org.hibernate.orm.connections.pooling    : HHH10001005: Database info:
	Database JDBC URL [Connecting through datasource 'HikariDataSource (HikariPool-12)']
	Database driver: undefined/unknown
	Database version: 8.0.42
	Autocommit mode: undefined/unknown
	Isolation level: undefined/unknown
	Minimum pool size: undefined/unknown
	Maximum pool size: undefined/unknown
2025-10-20T01:10:25.056+05:30  INFO 3648 --- [PAYROLL_MANAGEMENT_SYSTEM] [restartedMain] o.h.e.t.j.p.i.JtaPlatformInitiator       : HHH000489: No JTA platform available (set 'hibernate.transaction.jta.platform' to enable JTA platform integration)
2025-10-20T01:10:25.134+05:30  INFO 3648 --- [PAYROLL_MANAGEMENT_SYSTEM] [restartedMain] j.LocalContainerEntityManagerFactoryBean : Initialized JPA EntityManagerFactory for persistence unit 'default'
2025-10-20T01:10:25.373+05:30  INFO 3648 --- [PAYROLL_MANAGEMENT_SYSTEM] [restartedMain] r$InitializeUserDetailsManagerConfigurer : Global AuthenticationManager configured with UserDetailsService bean with name customUserDetailsService
2025-10-20T01:10:25.632+05:30  WARN 3648 --- [PAYROLL_MANAGEMENT_SYSTEM] [restartedMain] JpaBaseConfiguration$JpaWebConfiguration : spring.jpa.open-in-view is enabled by default. Therefore, database queries may be performed during view rendering. Explicitly configure spring.jpa.open-in-view to disable this warning
2025-10-20T01:10:25.832+05:30 DEBUG 3648 --- [PAYROLL_MANAGEMENT_SYSTEM] [restartedMain] o.s.s.web.DefaultSecurityFilterChain     : Will secure any request with filters: DisableEncodeUrlFilter, WebAsyncManagerIntegrationFilter, SecurityContextHolderFilter, HeaderWriterFilter, CorsFilter, LogoutFilter, JwtAuthenticationFilter, RequestCacheAwareFilter, SecurityContextHolderAwareRequestFilter, AnonymousAuthenticationFilter, SessionManagementFilter, ExceptionTranslationFilter, AuthorizationFilter
2025-10-20T01:10:26.019+05:30  INFO 3648 --- [PAYROLL_MANAGEMENT_SYSTEM] [restartedMain] o.s.b.d.a.OptionalLiveReloadServer       : LiveReload server is running on port 35729
2025-10-20T01:10:26.039+05:30  INFO 3648 --- [PAYROLL_MANAGEMENT_SYSTEM] [restartedMain] o.s.b.w.embedded.tomcat.TomcatWebServer  : Tomcat started on port 8080 (http) with context path '/'
2025-10-20T01:10:26.042+05:30  INFO 3648 --- [PAYROLL_MANAGEMENT_SYSTEM] [restartedMain] c.p.PayrollManagementSystemApplication   : Started PayrollManagementSystemApplication in 2.171 seconds (process running for 3903.178)
2025-10-20T01:10:26.043+05:30  INFO 3648 --- [PAYROLL_MANAGEMENT_SYSTEM] [restartedMain] .ConditionEvaluationDeltaLoggingListener : Condition evaluation unchanged
2025-10-20T01:10:27.780+05:30  INFO 3648 --- [PAYROLL_MANAGEMENT_SYSTEM] [http-nio-8080-exec-2] o.a.c.c.C.[Tomcat-2].[localhost].[/]     : Initializing Spring DispatcherServlet 'dispatcherServlet'
2025-10-20T01:10:27.781+05:30  INFO 3648 --- [PAYROLL_MANAGEMENT_SYSTEM] [http-nio-8080-exec-2] o.s.web.servlet.DispatcherServlet        : Initializing Servlet 'dispatcherServlet'
2025-10-20T01:10:27.783+05:30  INFO 3648 --- [PAYROLL_MANAGEMENT_SYSTEM] [http-nio-8080-exec-2] o.s.web.servlet.DispatcherServlet        : Completed initialization in 2 ms
2025-10-20T01:10:27.784+05:30 DEBUG 3648 --- [PAYROLL_MANAGEMENT_SYSTEM] [http-nio-8080-exec-2] o.s.security.web.FilterChainProxy        : Securing POST /api/auth/login
2025-10-20T01:10:27.784+05:30  INFO 3648 --- [PAYROLL_MANAGEMENT_SYSTEM] [http-nio-8080-exec-2] c.p.security.JwtAuthenticationFilter     : 🔹 Incoming request: /api/auth/login
2025-10-20T01:10:27.784+05:30 DEBUG 3648 --- [PAYROLL_MANAGEMENT_SYSTEM] [http-nio-8080-exec-2] o.s.s.w.a.AnonymousAuthenticationFilter  : Set SecurityContextHolder to anonymous SecurityContext
2025-10-20T01:10:27.785+05:30 DEBUG 3648 --- [PAYROLL_MANAGEMENT_SYSTEM] [http-nio-8080-exec-2] o.s.security.web.FilterChainProxy        : Secured POST /api/auth/login
2025-10-20T01:10:27.794+05:30 DEBUG 3648 --- [PAYROLL_MANAGEMENT_SYSTEM] [http-nio-8080-exec-2] org.hibernate.SQL                        : select u1_0.id,u1_0.email,u1_0.organization_id,u1_0.password,u1_0.role,u1_0.username from user u1_0 where u1_0.username=?
2025-10-20T01:10:27.795+05:30 TRACE 3648 --- [PAYROLL_MANAGEMENT_SYSTEM] [http-nio-8080-exec-2] org.hibernate.orm.jdbc.bind              : binding parameter (1:VARCHAR) <- [mustafaabhagat5252]
2025-10-20T01:10:27.799+05:30 DEBUG 3648 --- [PAYROLL_MANAGEMENT_SYSTEM] [http-nio-8080-exec-2] org.hibernate.SQL                        : select e1_0.id,e1_0.account_number,e1_0.bank_name,e1_0.department,e1_0.designation,e1_0.document_url,e1_0.email,e1_0.full_name,e1_0.ifsc_code,e1_0.organization_id,e1_0.password,e1_0.salary_structure_id,e1_0.username,e1_0.verification_status from employee e1_0 where e1_0.username=?
2025-10-20T01:10:27.800+05:30 TRACE 3648 --- [PAYROLL_MANAGEMENT_SYSTEM] [http-nio-8080-exec-2] org.hibernate.orm.jdbc.bind              : binding parameter (1:VARCHAR) <- [mustafaabhagat5252]
2025-10-20T01:10:36.174+05:30 DEBUG 3648 --- [PAYROLL_MANAGEMENT_SYSTEM] [http-nio-8080-exec-3] o.s.security.web.FilterChainProxy        : Securing POST /api/auth/login
2025-10-20T01:10:36.174+05:30  INFO 3648 --- [PAYROLL_MANAGEMENT_SYSTEM] [http-nio-8080-exec-3] c.p.security.JwtAuthenticationFilter     : 🔹 Incoming request: /api/auth/login
2025-10-20T01:10:36.174+05:30 DEBUG 3648 --- [PAYROLL_MANAGEMENT_SYSTEM] [http-nio-8080-exec-3] o.s.s.w.a.AnonymousAuthenticationFilter  : Set SecurityContextHolder to anonymous SecurityContext
2025-10-20T01:10:36.174+05:30 DEBUG 3648 --- [PAYROLL_MANAGEMENT_SYSTEM] [http-nio-8080-exec-3] o.s.security.web.FilterChainProxy        : Secured POST /api/auth/login
2025-10-20T01:10:36.182+05:30 DEBUG 3648 --- [PAYROLL_MANAGEMENT_SYSTEM] [http-nio-8080-exec-3] org.hibernate.SQL                        : select u1_0.id,u1_0.email,u1_0.organization_id,u1_0.password,u1_0.role,u1_0.username from user u1_0 where u1_0.username=?
2025-10-20T01:10:36.182+05:30 TRACE 3648 --- [PAYROLL_MANAGEMENT_SYSTEM] [http-nio-8080-exec-3] org.hibernate.orm.jdbc.bind              : binding parameter (1:VARCHAR) <- [marvel2]
2025-10-20T01:10:36.184+05:30 DEBUG 3648 --- [PAYROLL_MANAGEMENT_SYSTEM] [http-nio-8080-exec-3] org.hibernate.SQL                        : select o1_0.id,o1_0.address,o1_0.bank_id,b1_0.id,ba1_0.id,ba1_0.contact_number,ba1_0.email,ba1_0.name,ba1_0.password,ba1_0.user_id,b1_0.bank_name,b1_0.branch,b1_0.contact_number,o1_0.contact_email,o1_0.contact_phone,o1_0.document_url,o1_0.org_name,o1_0.registration_number,o1_0.verification_status,vb1_0.id,b2_0.id,b2_0.bank_name,b2_0.branch,b2_0.contact_number,vb1_0.contact_number,vb1_0.email,vb1_0.name,vb1_0.password,u2_0.id,u2_0.email,u2_0.organization_id,u2_0.password,u2_0.role,u2_0.username from organizations o1_0 join bank b1_0 on b1_0.id=o1_0.bank_id left join bank_admin ba1_0 on b1_0.id=ba1_0.bank_id left join bank_admin vb1_0 on vb1_0.id=o1_0.bank_admin_id left join bank b2_0 on b2_0.id=vb1_0.bank_id left join user u2_0 on u2_0.id=vb1_0.user_id where o1_0.id=?
2025-10-20T01:10:36.184+05:30 TRACE 3648 --- [PAYROLL_MANAGEMENT_SYSTEM] [http-nio-8080-exec-3] org.hibernate.orm.jdbc.bind              : binding parameter (1:BIGINT) <- [1]
2025-10-20T01:10:36.313+05:30 DEBUG 3648 --- [PAYROLL_MANAGEMENT_SYSTEM] [http-nio-8080-exec-3] org.hibernate.SQL                        : select u1_0.id,u1_0.email,u1_0.organization_id,u1_0.password,u1_0.role,u1_0.username from user u1_0 where u1_0.username=?
2025-10-20T01:10:36.313+05:30 TRACE 3648 --- [PAYROLL_MANAGEMENT_SYSTEM] [http-nio-8080-exec-3] org.hibernate.orm.jdbc.bind              : binding parameter (1:VARCHAR) <- [marvel2]
2025-10-20T01:10:36.436+05:30 DEBUG 3648 --- [PAYROLL_MANAGEMENT_SYSTEM] [http-nio-8080-exec-3] o.s.s.a.dao.DaoAuthenticationProvider    : Authenticated user
2025-10-20T01:11:09.391+05:30 DEBUG 3648 --- [PAYROLL_MANAGEMENT_SYSTEM] [http-nio-8080-exec-4] o.s.security.web.FilterChainProxy        : Securing POST /api/employees/change-password
2025-10-20T01:11:09.391+05:30  INFO 3648 --- [PAYROLL_MANAGEMENT_SYSTEM] [http-nio-8080-exec-4] c.p.security.JwtAuthenticationFilter     : 🔹 Incoming request: /api/employees/change-password
2025-10-20T01:11:09.397+05:30  INFO 3648 --- [PAYROLL_MANAGEMENT_SYSTEM] [http-nio-8080-exec-4] c.p.security.JwtAuthenticationFilter     : 🔹 Extracted username from JWT: marvel2
2025-10-20T01:11:09.449+05:30 DEBUG 3648 --- [PAYROLL_MANAGEMENT_SYSTEM] [http-nio-8080-exec-4] org.hibernate.SQL                        : select u1_0.id,u1_0.email,u1_0.organization_id,u1_0.password,u1_0.role,u1_0.username from user u1_0 where u1_0.username=?
2025-10-20T01:11:09.449+05:30 TRACE 3648 --- [PAYROLL_MANAGEMENT_SYSTEM] [http-nio-8080-exec-4] org.hibernate.orm.jdbc.bind              : binding parameter (1:VARCHAR) <- [marvel2]
2025-10-20T01:11:09.451+05:30 DEBUG 3648 --- [PAYROLL_MANAGEMENT_SYSTEM] [http-nio-8080-exec-4] org.hibernate.SQL                        : select o1_0.id,o1_0.address,o1_0.bank_id,b1_0.id,ba1_0.id,ba1_0.contact_number,ba1_0.email,ba1_0.name,ba1_0.password,ba1_0.user_id,b1_0.bank_name,b1_0.branch,b1_0.contact_number,o1_0.contact_email,o1_0.contact_phone,o1_0.document_url,o1_0.org_name,o1_0.registration_number,o1_0.verification_status,vb1_0.id,b2_0.id,b2_0.bank_name,b2_0.branch,b2_0.contact_number,vb1_0.contact_number,vb1_0.email,vb1_0.name,vb1_0.password,u2_0.id,u2_0.email,u2_0.organization_id,u2_0.password,u2_0.role,u2_0.username from organizations o1_0 join bank b1_0 on b1_0.id=o1_0.bank_id left join bank_admin ba1_0 on b1_0.id=ba1_0.bank_id left join bank_admin vb1_0 on vb1_0.id=o1_0.bank_admin_id left join bank b2_0 on b2_0.id=vb1_0.bank_id left join user u2_0 on u2_0.id=vb1_0.user_id where o1_0.id=?
2025-10-20T01:11:09.453+05:30 TRACE 3648 --- [PAYROLL_MANAGEMENT_SYSTEM] [http-nio-8080-exec-4] org.hibernate.orm.jdbc.bind              : binding parameter (1:BIGINT) <- [1]
2025-10-20T01:11:09.454+05:30  INFO 3648 --- [PAYROLL_MANAGEMENT_SYSTEM] [http-nio-8080-exec-4] c.p.security.JwtAuthenticationFilter     : 🔹 Loaded user details for: marvel2
2025-10-20T01:11:09.459+05:30  INFO 3648 --- [PAYROLL_MANAGEMENT_SYSTEM] [http-nio-8080-exec-4] c.p.security.JwtAuthenticationFilter     : ✅ JWT validated successfully for marvel2
2025-10-20T01:11:09.459+05:30 DEBUG 3648 --- [PAYROLL_MANAGEMENT_SYSTEM] [http-nio-8080-exec-4] o.s.security.web.FilterChainProxy        : Secured POST /api/employees/change-password
2025-10-20T01:11:09.467+05:30 DEBUG 3648 --- [PAYROLL_MANAGEMENT_SYSTEM] [http-nio-8080-exec-4] org.hibernate.SQL                        : select e1_0.id,e1_0.account_number,e1_0.bank_name,e1_0.department,e1_0.designation,e1_0.document_url,e1_0.email,e1_0.full_name,e1_0.ifsc_code,e1_0.organization_id,e1_0.password,e1_0.salary_structure_id,e1_0.username,e1_0.verification_status from employee e1_0 where e1_0.username=?
2025-10-20T01:11:09.467+05:30 TRACE 3648 --- [PAYROLL_MANAGEMENT_SYSTEM] [http-nio-8080-exec-4] org.hibernate.orm.jdbc.bind              : binding parameter (1:VARCHAR) <- [marvel2]
2025-10-20T01:11:09.467+05:30 DEBUG 3648 --- [PAYROLL_MANAGEMENT_SYSTEM] [http-nio-8080-exec-4] org.hibernate.SQL                        : select o1_0.id,o1_0.address,o1_0.bank_id,b1_0.id,ba1_0.id,ba1_0.contact_number,ba1_0.email,ba1_0.name,ba1_0.password,ba1_0.user_id,b1_0.bank_name,b1_0.branch,b1_0.contact_number,o1_0.contact_email,o1_0.contact_phone,o1_0.document_url,o1_0.org_name,o1_0.registration_number,o1_0.verification_status,vb1_0.id,b2_0.id,b2_0.bank_name,b2_0.branch,b2_0.contact_number,vb1_0.contact_number,vb1_0.email,vb1_0.name,vb1_0.password,u2_0.id,u2_0.email,u2_0.organization_id,u2_0.password,u2_0.role,u2_0.username from organizations o1_0 join bank b1_0 on b1_0.id=o1_0.bank_id left join bank_admin ba1_0 on b1_0.id=ba1_0.bank_id left join bank_admin vb1_0 on vb1_0.id=o1_0.bank_admin_id left join bank b2_0 on b2_0.id=vb1_0.bank_id left join user u2_0 on u2_0.id=vb1_0.user_id where o1_0.id=?
2025-10-20T01:11:09.467+05:30 TRACE 3648 --- [PAYROLL_MANAGEMENT_SYSTEM] [http-nio-8080-exec-4] org.hibernate.orm.jdbc.bind              : binding parameter (1:BIGINT) <- [1]
2025-10-20T01:11:09.471+05:30 DEBUG 3648 --- [PAYROLL_MANAGEMENT_SYSTEM] [http-nio-8080-exec-4] org.hibernate.SQL                        : select ss1_0.id,ss1_0.allowances,ss1_0.basic,ss1_0.da,ss1_0.employee_id,e1_0.id,e1_0.account_number,e1_0.bank_name,e1_0.department,e1_0.designation,e1_0.document_url,e1_0.email,e1_0.full_name,e1_0.ifsc_code,e1_0.organization_id,o1_0.id,o1_0.address,o1_0.bank_id,o1_0.contact_email,o1_0.contact_phone,o1_0.document_url,o1_0.org_name,o1_0.registration_number,o1_0.verification_status,o1_0.bank_admin_id,e1_0.password,ss2_0.id,ss2_0.allowances,ss2_0.basic,ss2_0.da,ss2_0.employee_id,ss2_0.hra,ss2_0.net_salary,ss2_0.pf,e1_0.username,e1_0.verification_status,ss1_0.hra,ss1_0.net_salary,ss1_0.pf from salary_structures ss1_0 join employee e1_0 on e1_0.id=ss1_0.employee_id join organizations o1_0 on o1_0.id=e1_0.organization_id left join salary_structures ss2_0 on ss2_0.id=e1_0.salary_structure_id where ss1_0.id=?
2025-10-20T01:11:09.473+05:30 TRACE 3648 --- [PAYROLL_MANAGEMENT_SYSTEM] [http-nio-8080-exec-4] org.hibernate.orm.jdbc.bind              : binding parameter (1:BIGINT) <- [2]
2025-10-20T01:11:09.733+05:30 DEBUG 3648 --- [PAYROLL_MANAGEMENT_SYSTEM] [http-nio-8080-exec-4] org.hibernate.SQL                        : update employee set account_number=?,bank_name=?,department=?,designation=?,document_url=?,email=?,full_name=?,ifsc_code=?,organization_id=?,password=?,salary_structure_id=?,username=?,verification_status=? where id=?
2025-10-20T01:11:09.733+05:30 TRACE 3648 --- [PAYROLL_MANAGEMENT_SYSTEM] [http-nio-8080-exec-4] org.hibernate.orm.jdbc.bind              : binding parameter (1:VARCHAR) <- [9976544410]
2025-10-20T01:11:09.733+05:30 TRACE 3648 --- [PAYROLL_MANAGEMENT_SYSTEM] [http-nio-8080-exec-4] org.hibernate.orm.jdbc.bind              : binding parameter (2:VARCHAR) <- [National Bank of India]
2025-10-20T01:11:09.733+05:30 TRACE 3648 --- [PAYROLL_MANAGEMENT_SYSTEM] [http-nio-8080-exec-4] org.hibernate.orm.jdbc.bind              : binding parameter (3:VARCHAR) <- [IT]
2025-10-20T01:11:09.733+05:30 TRACE 3648 --- [PAYROLL_MANAGEMENT_SYSTEM] [http-nio-8080-exec-4] org.hibernate.orm.jdbc.bind              : binding parameter (4:VARCHAR) <- [Developer]
2025-10-20T01:11:09.742+05:30 TRACE 3648 --- [PAYROLL_MANAGEMENT_SYSTEM] [http-nio-8080-exec-4] org.hibernate.orm.jdbc.bind              : binding parameter (5:VARCHAR) <- [https://res.cloudinary.com/dftrdgj0r/raw/upload/v1760899752/employee_docs/ylylg7xn7jtzgfamrzpq]
2025-10-20T01:11:09.742+05:30 TRACE 3648 --- [PAYROLL_MANAGEMENT_SYSTEM] [http-nio-8080-exec-4] org.hibernate.orm.jdbc.bind              : binding parameter (6:VARCHAR) <- [mustafaabhagat5252@gmail.com]
2025-10-20T01:11:09.742+05:30 TRACE 3648 --- [PAYROLL_MANAGEMENT_SYSTEM] [http-nio-8080-exec-4] org.hibernate.orm.jdbc.bind              : binding parameter (7:VARCHAR) <- [Hero]
2025-10-20T01:11:09.742+05:30 TRACE 3648 --- [PAYROLL_MANAGEMENT_SYSTEM] [http-nio-8080-exec-4] org.hibernate.orm.jdbc.bind              : binding parameter (8:VARCHAR) <- [NBOI0001234]
2025-10-20T01:11:09.742+05:30 TRACE 3648 --- [PAYROLL_MANAGEMENT_SYSTEM] [http-nio-8080-exec-4] org.hibernate.orm.jdbc.bind              : binding parameter (9:BIGINT) <- [1]
2025-10-20T01:11:09.742+05:30 TRACE 3648 --- [PAYROLL_MANAGEMENT_SYSTEM] [http-nio-8080-exec-4] org.hibernate.orm.jdbc.bind              : binding parameter (10:VARCHAR) <- [$2a$10$O2vEXX21GzOg2kFJ9tCcyOpTkc9WcmlxdSvvrEXMU8.nGFXGiTLte]
2025-10-20T01:11:09.742+05:30 TRACE 3648 --- [PAYROLL_MANAGEMENT_SYSTEM] [http-nio-8080-exec-4] org.hibernate.orm.jdbc.bind              : binding parameter (11:BIGINT) <- [2]
2025-10-20T01:11:09.742+05:30 TRACE 3648 --- [PAYROLL_MANAGEMENT_SYSTEM] [http-nio-8080-exec-4] org.hibernate.orm.jdbc.bind              : binding parameter (12:VARCHAR) <- [marvel2]
2025-10-20T01:11:09.742+05:30 TRACE 3648 --- [PAYROLL_MANAGEMENT_SYSTEM] [http-nio-8080-exec-4] org.hibernate.orm.jdbc.bind              : binding parameter (13:ENUM) <- [APPROVED]
2025-10-20T01:11:09.742+05:30 TRACE 3648 --- [PAYROLL_MANAGEMENT_SYSTEM] [http-nio-8080-exec-4] org.hibernate.orm.jdbc.bind              : binding parameter (14:BIGINT) <- [2]
2025-10-20T01:11:14.957+05:30 DEBUG 3648 --- [PAYROLL_MANAGEMENT_SYSTEM] [http-nio-8080-exec-4] org.hibernate.SQL                        : select sp1_0.employee_id,sp1_0.id,sp1_0.amount,sp1_0.organization_id,o1_0.id,o1_0.address,o1_0.bank_id,b1_0.id,b1_0.bank_name,b1_0.branch,b1_0.contact_number,o1_0.contact_email,o1_0.contact_phone,o1_0.document_url,o1_0.org_name,o1_0.registration_number,o1_0.verification_status,vb1_0.id,vb1_0.bank_id,vb1_0.contact_number,vb1_0.email,vb1_0.name,vb1_0.password,vb1_0.user_id,sp1_0.payment_date,sp1_0.remarks,sp1_0.salary_month,sp1_0.status,vb2_0.id,b3_0.id,b3_0.bank_name,b3_0.branch,b3_0.contact_number,vb2_0.contact_number,vb2_0.email,vb2_0.name,vb2_0.password,u2_0.id,u2_0.email,u2_0.organization_id,u2_0.password,u2_0.role,u2_0.username from salary_payments sp1_0 left join organizations o1_0 on o1_0.id=sp1_0.organization_id left join bank b1_0 on b1_0.id=o1_0.bank_id left join bank_admin vb1_0 on vb1_0.id=o1_0.bank_admin_id left join bank_admin vb2_0 on vb2_0.id=sp1_0.verified_by_admin_id left join bank b3_0 on b3_0.id=vb2_0.bank_id left join user u2_0 on u2_0.id=vb2_0.user_id where sp1_0.employee_id=?
2025-10-20T01:11:14.957+05:30 TRACE 3648 --- [PAYROLL_MANAGEMENT_SYSTEM] [http-nio-8080-exec-4] org.hibernate.orm.jdbc.bind              : binding parameter (1:BIGINT) <- [2]
2025-10-20T01:11:14.960+05:30 DEBUG 3648 --- [PAYROLL_MANAGEMENT_SYSTEM] [http-nio-8080-exec-4] org.hibernate.SQL                        : select c1_0.raised_by_employee_id,c1_0.id,c1_0.created_at,hb1_0.id,b1_0.id,b1_0.bank_name,b1_0.branch,b1_0.contact_number,hb1_0.contact_number,hb1_0.email,hb1_0.name,hb1_0.password,u1_0.id,u1_0.email,u1_0.organization_id,u1_0.password,u1_0.role,u1_0.username,c1_0.message,rbo1_0.id,rbo1_0.address,rbo1_0.bank_id,b2_0.id,b2_0.bank_name,b2_0.branch,b2_0.contact_number,rbo1_0.contact_email,rbo1_0.contact_phone,rbo1_0.document_url,rbo1_0.org_name,rbo1_0.registration_number,rbo1_0.verification_status,vb1_0.id,vb1_0.bank_id,vb1_0.contact_number,vb1_0.email,vb1_0.name,vb1_0.password,vb1_0.user_id,c1_0.resolution_remarks,c1_0.resolved_at,c1_0.status,c1_0.subject from concerns c1_0 left join bank_admin hb1_0 on hb1_0.id=c1_0.handled_by_admin_id left join bank b1_0 on b1_0.id=hb1_0.bank_id left join user u1_0 on u1_0.id=hb1_0.user_id left join organizations rbo1_0 on rbo1_0.id=c1_0.raised_by_organization_id left join bank b2_0 on b2_0.id=rbo1_0.bank_id left join bank_admin vb1_0 on vb1_0.id=rbo1_0.bank_admin_id where c1_0.raised_by_employee_id=?
2025-10-20T01:11:14.962+05:30 TRACE 3648 --- [PAYROLL_MANAGEMENT_SYSTEM] [http-nio-8080-exec-4] org.hibernate.orm.jdbc.bind              : binding parameter (1:BIGINT) <- [2]
2025-10-20T01:11:35.827+05:30 DEBUG 3648 --- [PAYROLL_MANAGEMENT_SYSTEM] [http-nio-8080-exec-5] o.s.security.web.FilterChainProxy        : Securing POST /api/auth/login
2025-10-20T01:11:35.836+05:30  INFO 3648 --- [PAYROLL_MANAGEMENT_SYSTEM] [http-nio-8080-exec-5] c.p.security.JwtAuthenticationFilter     : 🔹 Incoming request: /api/auth/login
2025-10-20T01:11:35.836+05:30 DEBUG 3648 --- [PAYROLL_MANAGEMENT_SYSTEM] [http-nio-8080-exec-5] o.s.s.w.a.AnonymousAuthenticationFilter  : Set SecurityContextHolder to anonymous SecurityContext
2025-10-20T01:11:35.836+05:30 DEBUG 3648 --- [PAYROLL_MANAGEMENT_SYSTEM] [http-nio-8080-exec-5] o.s.security.web.FilterChainProxy        : Secured POST /api/auth/login
2025-10-20T01:11:35.838+05:30 DEBUG 3648 --- [PAYROLL_MANAGEMENT_SYSTEM] [http-nio-8080-exec-5] org.hibernate.SQL                        : select u1_0.id,u1_0.email,u1_0.organization_id,u1_0.password,u1_0.role,u1_0.username from user u1_0 where u1_0.username=?
2025-10-20T01:11:35.838+05:30 TRACE 3648 --- [PAYROLL_MANAGEMENT_SYSTEM] [http-nio-8080-exec-5] org.hibernate.orm.jdbc.bind              : binding parameter (1:VARCHAR) <- [marvel2]
2025-10-20T01:11:35.841+05:30 DEBUG 3648 --- [PAYROLL_MANAGEMENT_SYSTEM] [http-nio-8080-exec-5] org.hibernate.SQL                        : select o1_0.id,o1_0.address,o1_0.bank_id,b1_0.id,ba1_0.id,ba1_0.contact_number,ba1_0.email,ba1_0.name,ba1_0.password,ba1_0.user_id,b1_0.bank_name,b1_0.branch,b1_0.contact_number,o1_0.contact_email,o1_0.contact_phone,o1_0.document_url,o1_0.org_name,o1_0.registration_number,o1_0.verification_status,vb1_0.id,b2_0.id,b2_0.bank_name,b2_0.branch,b2_0.contact_number,vb1_0.contact_number,vb1_0.email,vb1_0.name,vb1_0.password,u2_0.id,u2_0.email,u2_0.organization_id,u2_0.password,u2_0.role,u2_0.username from organizations o1_0 join bank b1_0 on b1_0.id=o1_0.bank_id left join bank_admin ba1_0 on b1_0.id=ba1_0.bank_id left join bank_admin vb1_0 on vb1_0.id=o1_0.bank_admin_id left join bank b2_0 on b2_0.id=vb1_0.bank_id left join user u2_0 on u2_0.id=vb1_0.user_id where o1_0.id=?
2025-10-20T01:11:35.841+05:30 TRACE 3648 --- [PAYROLL_MANAGEMENT_SYSTEM] [http-nio-8080-exec-5] org.hibernate.orm.jdbc.bind              : binding parameter (1:BIGINT) <- [1]
2025-10-20T01:11:35.844+05:30 DEBUG 3648 --- [PAYROLL_MANAGEMENT_SYSTEM] [http-nio-8080-exec-5] org.hibernate.SQL                        : select u1_0.id,u1_0.email,u1_0.organization_id,u1_0.password,u1_0.role,u1_0.username from user u1_0 where u1_0.username=?
2025-10-20T01:11:35.844+05:30 TRACE 3648 --- [PAYROLL_MANAGEMENT_SYSTEM] [http-nio-8080-exec-5] org.hibernate.orm.jdbc.bind              : binding parameter (1:VARCHAR) <- [marvel2]
2025-10-20T01:11:35.964+05:30 DEBUG 3648 --- [PAYROLL_MANAGEMENT_SYSTEM] [http-nio-8080-exec-5] o.s.s.a.dao.DaoAuthenticationProvider    : Failed to authenticate since password does not match stored value
2025-10-20T01:11:35.967+05:30 DEBUG 3648 --- [PAYROLL_MANAGEMENT_SYSTEM] [http-nio-8080-exec-5] o.s.s.authentication.ProviderManager     : Authentication failed with provider DaoAuthenticationProvider since Bad credentials
2025-10-20T01:16:33.705+05:30 DEBUG 3648 --- [PAYROLL_MANAGEMENT_SYSTEM] [http-nio-8080-exec-8] o.s.security.web.FilterChainProxy        : Securing POST /api/auth/login
2025-10-20T01:16:33.707+05:30  INFO 3648 --- [PAYROLL_MANAGEMENT_SYSTEM] [http-nio-8080-exec-8] c.p.security.JwtAuthenticationFilter     : 🔹 Incoming request: /api/auth/login
2025-10-20T01:16:33.707+05:30 DEBUG 3648 --- [PAYROLL_MANAGEMENT_SYSTEM] [http-nio-8080-exec-8] o.s.s.w.a.AnonymousAuthenticationFilter  : Set SecurityContextHolder to anonymous SecurityContext
2025-10-20T01:16:33.707+05:30 DEBUG 3648 --- [PAYROLL_MANAGEMENT_SYSTEM] [http-nio-8080-exec-8] o.s.security.web.FilterChainProxy        : Secured POST /api/auth/login
2025-10-20T01:16:33.718+05:30 DEBUG 3648 --- [PAYROLL_MANAGEMENT_SYSTEM] [http-nio-8080-exec-8] org.hibernate.SQL                        : select u1_0.id,u1_0.email,u1_0.organization_id,u1_0.password,u1_0.role,u1_0.username from user u1_0 where u1_0.username=?
2025-10-20T01:16:33.718+05:30 TRACE 3648 --- [PAYROLL_MANAGEMENT_SYSTEM] [http-nio-8080-exec-8] org.hibernate.orm.jdbc.bind              : binding parameter (1:VARCHAR) <- [bankadmin1]
2025-10-20T01:16:33.722+05:30 DEBUG 3648 --- [PAYROLL_MANAGEMENT_SYSTEM] [http-nio-8080-exec-8] org.hibernate.SQL                        : select u1_0.id,u1_0.email,u1_0.organization_id,u1_0.password,u1_0.role,u1_0.username from user u1_0 where u1_0.username=?
2025-10-20T01:16:33.722+05:30 TRACE 3648 --- [PAYROLL_MANAGEMENT_SYSTEM] [http-nio-8080-exec-8] org.hibernate.orm.jdbc.bind              : binding parameter (1:VARCHAR) <- [bankadmin1]
2025-10-20T01:16:33.839+05:30 DEBUG 3648 --- [PAYROLL_MANAGEMENT_SYSTEM] [http-nio-8080-exec-8] o.s.s.a.dao.DaoAuthenticationProvider    : Authenticated user
2025-10-20T01:16:48.204+05:30  INFO 3648 --- [PAYROLL_MANAGEMENT_SYSTEM] [RMI TCP Connection(75)-127.0.0.1] inMXBeanRegistrar$SpringApplicationAdmin : Application shutdown requested.
2025-10-20T01:16:48.220+05:30  INFO 3648 --- [PAYROLL_MANAGEMENT_SYSTEM] [RMI TCP Connection(75)-127.0.0.1] o.s.b.w.e.tomcat.GracefulShutdown        : Commencing graceful shutdown. Waiting for active requests to complete
2025-10-20T01:16:48.224+05:30  INFO 3648 --- [PAYROLL_MANAGEMENT_SYSTEM] [tomcat-shutdown] o.s.b.w.e.tomcat.GracefulShutdown        : Graceful shutdown complete
2025-10-20T01:16:48.233+05:30  INFO 3648 --- [PAYROLL_MANAGEMENT_SYSTEM] [RMI TCP Connection(75)-127.0.0.1] j.LocalContainerEntityManagerFactoryBean : Closing JPA EntityManagerFactory for persistence unit 'default'
2025-10-20T01:16:48.235+05:30  INFO 3648 --- [PAYROLL_MANAGEMENT_SYSTEM] [RMI TCP Connection(75)-127.0.0.1] com.zaxxer.hikari.HikariDataSource       : HikariPool-12 - Shutdown initiated...
2025-10-20T01:16:48.237+05:30  INFO 3648 --- [PAYROLL_MANAGEMENT_SYSTEM] [RMI TCP Connection(75)-127.0.0.1] com.zaxxer.hikari.HikariDataSource       : HikariPool-12 - Shutdown completed.
2025-10-20T13:40:14.340+05:30  INFO 26560 --- [PAYROLL_MANAGEMENT_SYSTEM] [restartedMain] c.p.PayrollManagementSystemApplication   : Starting PayrollManagementSystemApplication using Java 21.0.3 with PID 26560 (D:\JAVA_TRAINING\CAPSTONE_PROJECT\PAYROLL_MANAGEMENT_SYSTEM\target\classes started by mustafa.bhagat in D:\JAVA_TRAINING\CAPSTONE_PROJECT\PAYROLL_MANAGEMENT_SYSTEM)
2025-10-20T13:40:14.343+05:30  INFO 26560 --- [PAYROLL_MANAGEMENT_SYSTEM] [restartedMain] c.p.PayrollManagementSystemApplication   : No active profile set, falling back to 1 default profile: "default"
2025-10-20T13:40:14.378+05:30  INFO 26560 --- [PAYROLL_MANAGEMENT_SYSTEM] [restartedMain] .e.DevToolsPropertyDefaultsPostProcessor : Devtools property defaults active! Set 'spring.devtools.add-properties' to 'false' to disable
2025-10-20T13:40:14.378+05:30  INFO 26560 --- [PAYROLL_MANAGEMENT_SYSTEM] [restartedMain] .e.DevToolsPropertyDefaultsPostProcessor : For additional web related logging consider setting the 'logging.level.web' property to 'DEBUG'
2025-10-20T13:40:16.241+05:30  INFO 26560 --- [PAYROLL_MANAGEMENT_SYSTEM] [restartedMain] .s.d.r.c.RepositoryConfigurationDelegate : Bootstrapping Spring Data JPA repositories in DEFAULT mode.
2025-10-20T13:40:16.323+05:30  INFO 26560 --- [PAYROLL_MANAGEMENT_SYSTEM] [restartedMain] .s.d.r.c.RepositoryConfigurationDelegate : Finished Spring Data repository scanning in 72 ms. Found 12 JPA repository interfaces.
2025-10-20T13:40:16.854+05:30  INFO 26560 --- [PAYROLL_MANAGEMENT_SYSTEM] [restartedMain] o.s.b.w.embedded.tomcat.TomcatWebServer  : Tomcat initialized with port 8080 (http)
2025-10-20T13:40:16.869+05:30  INFO 26560 --- [PAYROLL_MANAGEMENT_SYSTEM] [restartedMain] o.apache.catalina.core.StandardService   : Starting service [Tomcat]
2025-10-20T13:40:16.870+05:30  INFO 26560 --- [PAYROLL_MANAGEMENT_SYSTEM] [restartedMain] o.apache.catalina.core.StandardEngine    : Starting Servlet engine: [Apache Tomcat/10.1.46]
2025-10-20T13:40:16.914+05:30  INFO 26560 --- [PAYROLL_MANAGEMENT_SYSTEM] [restartedMain] o.a.c.c.C.[Tomcat].[localhost].[/]       : Initializing Spring embedded WebApplicationContext
2025-10-20T13:40:16.915+05:30  INFO 26560 --- [PAYROLL_MANAGEMENT_SYSTEM] [restartedMain] w.s.c.ServletWebServerApplicationContext : Root WebApplicationContext: initialization completed in 2537 ms
2025-10-20T13:40:17.035+05:30  INFO 26560 --- [PAYROLL_MANAGEMENT_SYSTEM] [restartedMain] o.hibernate.jpa.internal.util.LogHelper  : HHH000204: Processing PersistenceUnitInfo [name: default]
2025-10-20T13:40:17.077+05:30  INFO 26560 --- [PAYROLL_MANAGEMENT_SYSTEM] [restartedMain] org.hibernate.Version                    : HHH000412: Hibernate ORM core version 6.6.29.Final
2025-10-20T13:40:17.106+05:30  INFO 26560 --- [PAYROLL_MANAGEMENT_SYSTEM] [restartedMain] o.h.c.internal.RegionFactoryInitiator    : HHH000026: Second-level cache disabled
2025-10-20T13:40:17.354+05:30  INFO 26560 --- [PAYROLL_MANAGEMENT_SYSTEM] [restartedMain] o.s.o.j.p.SpringPersistenceUnitInfo      : No LoadTimeWeaver setup: ignoring JPA class transformer
2025-10-20T13:40:17.381+05:30  INFO 26560 --- [PAYROLL_MANAGEMENT_SYSTEM] [restartedMain] com.zaxxer.hikari.HikariDataSource       : HikariPool-1 - Starting...
2025-10-20T13:40:17.520+05:30  INFO 26560 --- [PAYROLL_MANAGEMENT_SYSTEM] [restartedMain] com.zaxxer.hikari.pool.HikariPool        : HikariPool-1 - Added connection com.mysql.cj.jdbc.ConnectionImpl@6efa734
2025-10-20T13:40:17.522+05:30  INFO 26560 --- [PAYROLL_MANAGEMENT_SYSTEM] [restartedMain] com.zaxxer.hikari.HikariDataSource       : HikariPool-1 - Start completed.
2025-10-20T13:40:17.565+05:30  WARN 26560 --- [PAYROLL_MANAGEMENT_SYSTEM] [restartedMain] org.hibernate.orm.deprecation            : HHH90000025: MySQLDialect does not need to be specified explicitly using 'hibernate.dialect' (remove the property setting and it will be selected by default)
2025-10-20T13:40:17.579+05:30  INFO 26560 --- [PAYROLL_MANAGEMENT_SYSTEM] [restartedMain] org.hibernate.orm.connections.pooling    : HHH10001005: Database info:
	Database JDBC URL [Connecting through datasource 'HikariDataSource (HikariPool-1)']
	Database driver: undefined/unknown
	Database version: 8.0.42
	Autocommit mode: undefined/unknown
	Isolation level: undefined/unknown
	Minimum pool size: undefined/unknown
	Maximum pool size: undefined/unknown
2025-10-20T13:40:18.577+05:30  INFO 26560 --- [PAYROLL_MANAGEMENT_SYSTEM] [restartedMain] o.h.e.t.j.p.i.JtaPlatformInitiator       : HHH000489: No JTA platform available (set 'hibernate.transaction.jta.platform' to enable JTA platform integration)
2025-10-20T13:40:18.687+05:30  INFO 26560 --- [PAYROLL_MANAGEMENT_SYSTEM] [restartedMain] j.LocalContainerEntityManagerFactoryBean : Initialized JPA EntityManagerFactory for persistence unit 'default'
2025-10-20T13:40:18.950+05:30  INFO 26560 --- [PAYROLL_MANAGEMENT_SYSTEM] [restartedMain] o.s.d.j.r.query.QueryEnhancerFactory     : Hibernate is in classpath; If applicable, HQL parser will be used.
2025-10-20T13:40:19.449+05:30  INFO 26560 --- [PAYROLL_MANAGEMENT_SYSTEM] [restartedMain] r$InitializeUserDetailsManagerConfigurer : Global AuthenticationManager configured with UserDetailsService bean with name customUserDetailsService
2025-10-20T13:40:19.690+05:30  WARN 26560 --- [PAYROLL_MANAGEMENT_SYSTEM] [restartedMain] JpaBaseConfiguration$JpaWebConfiguration : spring.jpa.open-in-view is enabled by default. Therefore, database queries may be performed during view rendering. Explicitly configure spring.jpa.open-in-view to disable this warning
2025-10-20T13:40:19.965+05:30 DEBUG 26560 --- [PAYROLL_MANAGEMENT_SYSTEM] [restartedMain] o.s.s.web.DefaultSecurityFilterChain     : Will secure any request with filters: DisableEncodeUrlFilter, WebAsyncManagerIntegrationFilter, SecurityContextHolderFilter, HeaderWriterFilter, CorsFilter, LogoutFilter, JwtAuthenticationFilter, RequestCacheAwareFilter, SecurityContextHolderAwareRequestFilter, AnonymousAuthenticationFilter, SessionManagementFilter, ExceptionTranslationFilter, AuthorizationFilter
2025-10-20T13:40:20.223+05:30  INFO 26560 --- [PAYROLL_MANAGEMENT_SYSTEM] [restartedMain] o.s.b.d.a.OptionalLiveReloadServer       : LiveReload server is running on port 35729
2025-10-20T13:40:20.265+05:30  INFO 26560 --- [PAYROLL_MANAGEMENT_SYSTEM] [restartedMain] o.s.b.w.embedded.tomcat.TomcatWebServer  : Tomcat started on port 8080 (http) with context path '/'
2025-10-20T13:40:20.272+05:30  INFO 26560 --- [PAYROLL_MANAGEMENT_SYSTEM] [restartedMain] c.p.PayrollManagementSystemApplication   : Started PayrollManagementSystemApplication in 6.325 seconds (process running for 7.59)
2025-10-20T14:12:03.163+05:30  WARN 26560 --- [PAYROLL_MANAGEMENT_SYSTEM] [HikariPool-1:housekeeper] com.zaxxer.hikari.pool.HikariPool        : HikariPool-1 - Thread starvation or clock leap detected (housekeeper delta=2m15s138ms225µs400ns).
2025-10-20T14:25:50.348+05:30  WARN 26560 --- [PAYROLL_MANAGEMENT_SYSTEM] [HikariPool-1:housekeeper] com.zaxxer.hikari.pool.HikariPool        : HikariPool-1 - Thread starvation or clock leap detected (housekeeper delta=13m47s181ms154µs900ns).
2025-10-20T15:24:37.559+05:30  WARN 26560 --- [PAYROLL_MANAGEMENT_SYSTEM] [HikariPool-1:housekeeper] com.zaxxer.hikari.pool.HikariPool        : HikariPool-1 - Thread starvation or clock leap detected (housekeeper delta=58m17s229ms13µs700ns).
2025-10-20T15:27:53.483+05:30  INFO 26560 --- [PAYROLL_MANAGEMENT_SYSTEM] [RMI TCP Connection(38)-127.0.0.1] inMXBeanRegistrar$SpringApplicationAdmin : Application shutdown requested.
2025-10-20T15:27:53.488+05:30  INFO 26560 --- [PAYROLL_MANAGEMENT_SYSTEM] [RMI TCP Connection(38)-127.0.0.1] o.s.b.w.e.tomcat.GracefulShutdown        : Commencing graceful shutdown. Waiting for active requests to complete
2025-10-20T15:27:53.498+05:30  INFO 26560 --- [PAYROLL_MANAGEMENT_SYSTEM] [tomcat-shutdown] o.s.b.w.e.tomcat.GracefulShutdown        : Graceful shutdown complete
2025-10-20T15:27:53.508+05:30  INFO 26560 --- [PAYROLL_MANAGEMENT_SYSTEM] [RMI TCP Connection(38)-127.0.0.1] j.LocalContainerEntityManagerFactoryBean : Closing JPA EntityManagerFactory for persistence unit 'default'
2025-10-20T15:27:53.512+05:30  INFO 26560 --- [PAYROLL_MANAGEMENT_SYSTEM] [RMI TCP Connection(38)-127.0.0.1] com.zaxxer.hikari.HikariDataSource       : HikariPool-1 - Shutdown initiated...
2025-10-20T15:27:53.516+05:30  INFO 26560 --- [PAYROLL_MANAGEMENT_SYSTEM] [RMI TCP Connection(38)-127.0.0.1] com.zaxxer.hikari.HikariDataSource       : HikariPool-1 - Shutdown completed.
